
> @knorvia/desktop@ build:no-runtime-assets /workspace/knorvia-studio/packages/desktop
> pnpm prepare:build-meta && node scripts/run-production-build.mjs


> @knorvia/desktop@ prepare:build-meta /workspace/knorvia-studio/packages/desktop
> node scripts/build-metadata.mjs

[build-meta] wrote /workspace/knorvia-studio/packages/desktop/out/metadata/build-meta.json
[build-meta] commit=ede83824 time=2026-10-03T11:02:39.907Z
[tsup] KNORVIA_ENV=production KNORVIA_PRODUCT_FLAVOR=production
[MAIN] CLI Building entry: {"main/index":"src/main/launcher.ts","main/browserWebmRecorder":"src/main/browserView/electronBrowserWebmRecorder.ts","main/dataSizeWorker":"src/main/dataSizeWorker.ts","main/storageScanWorker":"src/main/storageScanWorker.ts"}
[MAIN] CLI Using tsconfig: tsconfig.json
[PRELOAD] CLI Building entry: {"preload/embeddedBrowserJavaScriptDialog":"src/preload/embeddedBrowserJavaScriptDialog.ts","preload/browserVideoRecorder":"src/preload/browserVideoRecorder.ts","preload/index":"src/preload/index.ts","preload/resourceManager":"src/preload/resourceManager.ts","preload/cuaPermissionPanel":"src/preload/cuaPermissionPanel.ts"}
[PRELOAD] CLI Using tsconfig: tsconfig.json
[HOST] CLI Building entry: {"host/index":"src/host/index.ts","host/tasksStorageWorker":"src/host/tasksStorageWorker.ts"}
[HOST] CLI Using tsconfig: tsconfig.json
[SCHEDULER] CLI Building entry: {"scheduler/index":"src/scheduler/index.ts"}
[SCHEDULER] CLI Using tsconfig: tsconfig.json
[MAIN] CLI tsup v8.5.1
[MAIN] CLI Using tsup config: /workspace/knorvia-studio/packages/desktop/tsup.config.ts
[PRELOAD] CLI tsup v8.5.1
[PRELOAD] CLI Using tsup config: /workspace/knorvia-studio/packages/desktop/tsup.config.ts
[HOST] CLI tsup v8.5.1
[HOST] CLI Using tsup config: /workspace/knorvia-studio/packages/desktop/tsup.config.ts
[SCHEDULER] CLI tsup v8.5.1
[SCHEDULER] CLI Using tsup config: /workspace/knorvia-studio/packages/desktop/tsup.config.ts
[MAIN] CLI Target: node22
[MAIN] ESM Build start
[PRELOAD] CLI Target: node22
[PRELOAD] CJS Build start
[HOST] CLI Target: node22
[HOST] ESM Build start
[SCHEDULER] CLI Target: node22
[SCHEDULER] ESM Build start
vite v8.0.8 building client environment for production...
[2Ktransforming...[SCHEDULER] ESM out/scheduler/index.js          837.53 KB
[SCHEDULER] ESM out/scheduler/chunk-5LVE6FIH.js 107.00 B
[SCHEDULER] ESM out/scheduler/chunk-ANCZS2PZ.js 1.43 KB
[SCHEDULER] ESM ⚡️ Build success in 1276ms
[PRELOAD] CJS out/preload/browserVideoRecorder.cjs            142.00 B
[PRELOAD] CJS out/preload/embeddedBrowserJavaScriptDialog.cjs 658.81 KB
[PRELOAD] CJS out/preload/resourceManager.cjs                 657.55 KB
[PRELOAD] CJS out/preload/index.cjs                           668.25 KB
[PRELOAD] CJS out/preload/cuaPermissionPanel.cjs              656.61 KB
[PRELOAD] CJS ⚡️ Build success in 1383ms
[HOST] ESM out/host/index.js              991.74 KB
[HOST] ESM out/host/tasksStorageWorker.js 616.00 B
[HOST] ESM out/host/chunk-2IG6WBYV.js     144.18 KB
[HOST] ESM out/host/chunk-XK273K66.js     140.00 B
[HOST] ESM out/host/chunk-P3EOEY3R.js     1.38 KB
[HOST] ESM out/host/chunk-BLQNGTLM.js     202.00 B
[HOST] ESM out/host/chunk-MNJ2TDN5.js     152.00 B
[HOST] ESM out/host/chunk-JCBFNK3P.js     84.15 KB
[HOST] ESM out/host/chunk-5GTAORP5.js     10.19 KB
[HOST] ESM out/host/chunk-FGVRDOUS.js     139.64 KB
[HOST] ESM out/host/chunk-BMWMOCIC.js     878.00 B
[HOST] ESM out/host/chunk-4FC5CE3D.js     11.51 KB
[HOST] ESM out/host/chunk-CXYDNKWO.js     562.00 B
[HOST] ESM out/host/chunk-24GDYH5Z.js     6.07 KB
[HOST] ESM out/host/chunk-EBWGIQZC.js     848.00 B
[HOST] ESM out/host/chunk-O4EUVGTT.js     17.48 KB
[HOST] ESM out/host/chunk-LNEOVT2J.js     734.00 B
[HOST] ESM out/host/chunk-Q4DOMUGW.js     700.15 KB
[HOST] ESM ⚡️ Build success in 1843ms
[MAIN] ESM out/main/chunk-4DR7EEAD.js      84.15 KB
[MAIN] ESM out/main/index.js               109.00 B
[MAIN] ESM out/main/chunk-ZMM5KD6O.js      1.68 KB
[MAIN] ESM out/main/browserWebmRecorder.js 153.00 B
[MAIN] ESM out/main/chunk-DKGKXX2U.js      1.43 KB
[MAIN] ESM out/main/chunk-LZ7OV2BD.js      10.94 KB
[MAIN] ESM out/main/dataSizeWorker.js      314.00 B
[MAIN] ESM out/main/storageScanWorker.js   1.04 KB
[MAIN] ESM out/main/chunk-H43Z7KQA.js      981.00 B
[MAIN] ESM out/main/chunk-GQ7JIXYV.js      44.87 KB
[MAIN] ESM out/main/chunk-C36PIKLM.js      140.00 B
[MAIN] ESM out/main/chunk-3VXS6LDN.js      99.03 KB
[MAIN] ESM out/main/chunk-7OVG4DW4.js      10.19 KB
[MAIN] ESM out/main/chunk-RW323UJW.js      202.00 B
[MAIN] ESM out/main/chunk-J7I2RCTD.js      11.52 KB
[MAIN] ESM out/main/chunk-PUNFBDLP.js      562.00 B
[MAIN] ESM out/main/chunk-IOTOLRIU.js      152.00 B
[MAIN] ESM out/main/chunk-F7SUIOPG.js      6.07 KB
[MAIN] ESM out/main/chunk-UH63QZGE.js      848.00 B
[MAIN] ESM out/main/chunk-OVYALXH2.js      11.37 KB
[MAIN] ESM out/main/chunk-W5LP4R4U.js      734.00 B
[MAIN] ESM out/main/chunk-7KGG7YM5.js      517.18 KB
[MAIN] ESM out/main/chunk-3AIBGVVZ.js      687.72 KB
[MAIN] ESM ⚡️ Build success in 1873ms
✓ 7661 modules transformed.
rendering chunks...
computing gzip size...
out/renderer/pdfjs/cmaps/CNS2-V.bcmap                                  0.09 kB
out/renderer/pdfjs/cmaps/Roman.bcmap                                   0.09 kB
out/renderer/pdfjs/cmaps/Katakana.bcmap                                0.10 kB
out/renderer/pdfjs/cmaps/ETenms-B5-H.bcmap                             0.10 kB
out/renderer/pdfjs/cmaps/UniJIS-UCS2-HW-H.bcmap                        0.11 kB
out/renderer/pdfjs/cmaps/Hiragana.bcmap                                0.12 kB
out/renderer/pdfjs/cmaps/Hankaku.bcmap                                 0.13 kB
out/renderer/pdfjs/cmaps/B5-V.bcmap                                    0.14 kB
out/renderer/pdfjs/cmaps/CNS1-V.bcmap                                  0.14 kB
out/renderer/pdfjs/cmaps/B5pc-V.bcmap                                  0.14 kB
out/renderer/pdfjs/cmaps/HKdla-B5-V.bcmap                              0.14 kB
out/renderer/pdfjs/cmaps/HKdlb-B5-V.bcmap                              0.14 kB
out/renderer/pdfjs/cmaps/HKgccs-B5-V.bcmap                             0.14 kB
out/renderer/pdfjs/cmaps/HKm314-B5-V.bcmap                             0.14 kB
out/renderer/pdfjs/cmaps/HKm471-B5-V.bcmap                             0.14 kB
out/renderer/pdfjs/cmaps/UniCNS-UCS2-V.bcmap                           0.15 kB
out/renderer/pdfjs/cmaps/UniCNS-UTF16-V.bcmap                          0.15 kB
out/renderer/pdfjs/cmaps/UniCNS-UTF8-V.bcmap                           0.15 kB
out/renderer/pdfjs/cmaps/ETHK-B5-V.bcmap                               0.15 kB
out/renderer/pdfjs/cmaps/ETen-B5-V.bcmap                               0.15 kB
out/renderer/pdfjs/cmaps/HKscs-B5-V.bcmap                              0.15 kB
out/renderer/pdfjs/cmaps/KSC-V.bcmap                                   0.16 kB
out/renderer/pdfjs/cmaps/UniCNS-UTF32-V.bcmap                          0.16 kB
out/renderer/pdfjs/cmaps/KSC-EUC-V.bcmap                               0.16 kB
out/renderer/pdfjs/cmaps/UniKS-UTF16-V.bcmap                           0.16 kB
out/renderer/pdfjs/cmaps/KSC-Johab-V.bcmap                             0.16 kB
out/renderer/pdfjs/cmaps/KSCms-UHC-V.bcmap                             0.16 kB
out/renderer/pdfjs/cmaps/KSCpc-EUC-V.bcmap                             0.16 kB
out/renderer/pdfjs/cmaps/V.bcmap                                       0.16 kB
out/renderer/pdfjs/cmaps/UniKS-UTF32-V.bcmap                           0.16 kB
out/renderer/pdfjs/cmaps/78-V.bcmap                                    0.16 kB
out/renderer/pdfjs/cmaps/KSCms-UHC-HW-V.bcmap                          0.16 kB
out/renderer/pdfjs/cmaps/UniKS-UTF8-V.bcmap                            0.16 kB
out/renderer/pdfjs/cmaps/EUC-V.bcmap                                   0.17 kB
out/renderer/pdfjs/cmaps/RKSJ-V.bcmap                                  0.17 kB
out/renderer/pdfjs/cmaps/ETenms-B5-V.bcmap                             0.17 kB
out/renderer/pdfjs/cmaps/78-EUC-V.bcmap                                0.17 kB
out/renderer/pdfjs/cmaps/78-RKSJ-V.bcmap                               0.17 kB
out/renderer/pdfjs/cmaps/GB-V.bcmap                                    0.17 kB
out/renderer/pdfjs/cmaps/GBT-V.bcmap                                   0.17 kB
out/renderer/pdfjs/cmaps/UniGB-UTF16-V.bcmap                           0.17 kB
out/renderer/pdfjs/cmaps/UniKS-UCS2-V.bcmap                            0.17 kB
out/renderer/pdfjs/cmaps/GB-EUC-V.bcmap                                0.17 kB
out/renderer/pdfjs/cmaps/WP-Symbol.bcmap                               0.17 kB
out/renderer/pdfjs/cmaps/GBK-EUC-V.bcmap                               0.18 kB
out/renderer/pdfjs/cmaps/GBT-EUC-V.bcmap                               0.18 kB
out/renderer/pdfjs/cmaps/GBKp-EUC-V.bcmap                              0.18 kB
out/renderer/pdfjs/cmaps/GBpc-EUC-V.bcmap                              0.18 kB
out/renderer/pdfjs/cmaps/UniGB-UTF8-V.bcmap                            0.18 kB
out/renderer/pdfjs/cmaps/GBTpc-EUC-V.bcmap                             0.18 kB
out/renderer/pdfjs/cmaps/UniGB-UTF32-V.bcmap                           0.18 kB
out/renderer/pdfjs/cmaps/UniGB-UCS2-V.bcmap                            0.19 kB
out/renderer/pdfjs/cmaps/Ext-V.bcmap                                   0.21 kB
out/renderer/pdfjs/cmaps/Adobe-GB1-0.bcmap                             0.21 kB
out/renderer/pdfjs/cmaps/Ext-RKSJ-V.bcmap                              0.21 kB
out/renderer/pdfjs/cmaps/GBK2K-V.bcmap                                 0.21 kB
out/renderer/pdfjs/cmaps/Adobe-Japan1-0.bcmap                          0.22 kB
out/renderer/pdfjs/cmaps/Adobe-Japan1-1.bcmap                          0.22 kB
out/renderer/pdfjs/cmaps/Adobe-Japan1-2.bcmap                          0.23 kB
out/renderer/pdfjs/cmaps/Adobe-Korea1-0.bcmap                          0.24 kB
out/renderer/pdfjs/cmaps/Adobe-Japan1-3.bcmap                          0.24 kB
out/renderer/pdfjs/cmaps/Adobe-GB1-1.bcmap                             0.25 kB
out/renderer/pdfjs/cmaps/NWP-V.bcmap                                   0.25 kB
out/renderer/pdfjs/cmaps/90pv-RKSJ-V.bcmap                             0.26 kB
out/renderer/pdfjs/cmaps/Add-V.bcmap                                   0.28 kB
out/renderer/pdfjs/cmaps/Add-RKSJ-V.bcmap                              0.28 kB
out/renderer/pdfjs/cmaps/78ms-RKSJ-V.bcmap                             0.29 kB
out/renderer/pdfjs/cmaps/90ms-RKSJ-V.bcmap                             0.29 kB
out/renderer/pdfjs/cmaps/90msp-RKSJ-V.bcmap                            0.29 kB
out/renderer/pdfjs/cmaps/Adobe-CNS1-0.bcmap                            0.31 kB
out/renderer/pdfjs/cmaps/Adobe-Japan1-4.bcmap                          0.33 kB
out/renderer/pdfjs/cmaps/Adobe-CNS1-1.bcmap                            0.37 kB
out/renderer/pdfjs/cmaps/Adobe-CNS1-2.bcmap                            0.37 kB
out/renderer/pdfjs/cmaps/Adobe-Korea1-1.bcmap                          0.38 kB
out/renderer/pdfjs/cmaps/Adobe-Korea1-2.bcmap                          0.39 kB
out/renderer/pdfjs/cmaps/Adobe-CNS1-3.bcmap                            0.40 kB
out/renderer/pdfjs/cmaps/Adobe-CNS1-4.bcmap                            0.40 kB
out/renderer/pdfjs/cmaps/Adobe-CNS1-5.bcmap                            0.40 kB
out/renderer/pdfjs/cmaps/Adobe-CNS1-6.bcmap                            0.40 kB
out/renderer/pdfjs/cmaps/Adobe-Japan1-5.bcmap                          0.43 kB
out/renderer/pdfjs/cmaps/Adobe-GB1-2.bcmap                             0.46 kB
out/renderer/pdfjs/cmaps/Adobe-GB1-3.bcmap                             0.47 kB
out/renderer/pdfjs/cmaps/Adobe-Japan1-6.bcmap                          0.48 kB
out/renderer/pdfjs/cmaps/CNS2-H.bcmap                                  0.50 kB
out/renderer/pdfjs/cmaps/GB-H.bcmap                                    0.52 kB
out/renderer/pdfjs/cmaps/RKSJ-H.bcmap                                  0.53 kB
out/renderer/pdfjs/cmaps/GB-EUC-H.bcmap                                0.54 kB
out/renderer/pdfjs/cmaps/H.bcmap                                       0.55 kB
out/renderer/pdfjs/cmaps/GBpc-EUC-H.bcmap                              0.55 kB
out/renderer/pdfjs/cmaps/EUC-H.bcmap                                   0.57 kB
out/renderer/pdfjs/cmaps/Adobe-GB1-4.bcmap                             0.60 kB
out/renderer/pdfjs/cmaps/Adobe-GB1-5.bcmap                             0.62 kB
out/renderer/pdfjs/cmaps/UniJIS-UTF16-V.bcmap                          0.64 kB
out/renderer/pdfjs/cmaps/UniJIS2004-UTF16-V.bcmap                      0.64 kB
out/renderer/pdfjs/cmaps/UniJIS-UCS2-V.bcmap                           0.66 kB
out/renderer/pdfjs/cmaps/UniJIS-UTF32-V.bcmap                          0.67 kB
out/renderer/pdfjs/cmaps/UniJIS-UTF8-V.bcmap                           0.67 kB
out/renderer/pdfjs/cmaps/UniJIS-UCS2-HW-V.bcmap                        0.68 kB
out/renderer/pdfjs/cmaps/UniJIS2004-UTF32-V.bcmap                      0.68 kB
out/renderer/pdfjs/cmaps/UniJIS2004-UTF8-V.bcmap                       0.68 kB
out/renderer/pdfjs/cmaps/UniJISX0213-UTF32-V.bcmap                     0.68 kB
out/renderer/pdfjs/cmaps/UniJISX02132004-UTF32-V.bcmap                 0.68 kB
out/renderer/pdfjs/cmaps/UniJISPro-UCS2-V.bcmap                        0.68 kB
out/renderer/pdfjs/cmaps/UniJISPro-UCS2-HW-V.bcmap                     0.70 kB
out/renderer/pdfjs/cmaps/CNS1-H.bcmap                                  0.70 kB
out/renderer/pdfjs/cmaps/90msp-RKSJ-H.bcmap                            0.71 kB
out/renderer/pdfjs/cmaps/90ms-RKSJ-H.bcmap                             0.72 kB
out/renderer/pdfjs/cmaps/UniJISPro-UTF8-V.bcmap                        0.72 kB
out/renderer/pdfjs/cmaps/83pv-RKSJ-H.bcmap                             0.90 kB
out/renderer/pdfjs/cmaps/90pv-RKSJ-H.bcmap                             0.98 kB
out/renderer/pdfjs/cmaps/B5-H.bcmap                                    1.08 kB
out/renderer/pdfjs/cmaps/B5pc-H.bcmap                                  1.09 kB
out/renderer/pdfjs/cmaps/ETen-B5-H.bcmap                               1.12 kB
out/renderer/pdfjs/cmaps/HKm314-B5-H.bcmap                             1.77 kB
out/renderer/pdfjs/cmaps/CNS-EUC-H.bcmap                               1.78 kB
out/renderer/pdfjs/cmaps/KSC-H.bcmap                                   1.83 kB
out/renderer/pdfjs/cmaps/KSC-EUC-H.bcmap                               1.84 kB
out/renderer/pdfjs/cmaps/CNS-EUC-V.bcmap                               1.92 kB
out/renderer/pdfjs/cmaps/KSCpc-EUC-H.bcmap                             2.02 kB
out/renderer/pdfjs/cmaps/HKm471-B5-H.bcmap                             2.17 kB
out/renderer/pdfjs/cmaps/HKgccs-B5-H.bcmap                             2.29 kB
out/renderer/pdfjs/cmaps/78-H.bcmap                                    2.37 kB
out/renderer/pdfjs/cmaps/78-RKSJ-H.bcmap                               2.39 kB
out/renderer/pdfjs/cmaps/78-EUC-H.bcmap                                2.40 kB
out/renderer/pdfjs/cmaps/Add-RKSJ-H.bcmap                              2.41 kB
out/renderer/pdfjs/cmaps/HKdlb-B5-H.bcmap                              2.41 kB
out/renderer/pdfjs/cmaps/Add-H.bcmap                                   2.41 kB
out/renderer/pdfjs/cmaps/Ext-H.bcmap                                   2.53 kB
out/renderer/pdfjs/cmaps/Ext-RKSJ-H.bcmap                              2.54 kB
out/renderer/pdfjs/cmaps/78ms-RKSJ-H.bcmap                             2.65 kB
out/renderer/pdfjs/cmaps/HKdla-B5-H.bcmap                              2.65 kB
out/renderer/assets/workspaceFileSearchFilter.worker-DSCk6K2W.js       2.65 kB
out/renderer/pdfjs/cmaps/NWP-H.bcmap                                   2.76 kB
out/renderer/pdfjs/cmaps/KSCms-UHC-H.bcmap                             2.78 kB
out/renderer/pdfjs/cmaps/KSCms-UHC-HW-H.bcmap                          2.78 kB
out/renderer/cua-permission-panel.html                                 3.85 kB │ gzip:     1.54 kB
out/renderer/assets/KaTeX_Size3-Regular-CTq5MqoE.woff                  4.42 kB
out/renderer/pdfjs/cmaps/ETHK-B5-H.bcmap                               4.42 kB
out/renderer/pdfjs/cmaps/HKscs-B5-H.bcmap                              4.43 kB
out/renderer/assets/KaTeX_Size4-Regular-Dl5lxZxV.woff2                 4.92 kB
out/renderer/assets/model-provider-moonshot-kimi-k9BDmLI_.png          4.99 kB
out/renderer/assets/KaTeX_Size2-Regular-Dy4dx90m.woff2                 5.20 kB
out/renderer/assets/KaTeX_Size1-Regular-mCD8mA8B.woff2                 5.46 kB
out/renderer/resource-manager.html                                     5.61 kB │ gzip:     1.29 kB
out/renderer/assets/KaTeX_Size4-Regular-BF-4gkZK.woff                  5.98 kB
out/renderer/assets/KaTeX_Size2-Regular-oD1tc_U0.woff                  6.18 kB
out/renderer/assets/mark-qoder-kYsP3BvG.svg                            6.21 kB │ gzip:     2.76 kB
out/renderer/assets/KaTeX_Size1-Regular-C195tn64.woff                  6.49 kB
out/renderer/assets/KaTeX_Caligraphic-Regular-Di6jR-x-.woff2           6.90 kB
out/renderer/assets/KaTeX_Caligraphic-Bold-Dq_IR9rO.woff2              6.91 kB
out/renderer/pdfjs/cmaps/GBT-H.bcmap                                   7.26 kB
out/renderer/pdfjs/cmaps/GBT-EUC-H.bcmap                               7.29 kB
out/renderer/pdfjs/cmaps/GBTpc-EUC-H.bcmap                             7.29 kB
out/renderer/assets/KaTeX_Size3-Regular-DgpXs0kz.ttf                   7.58 kB
out/renderer/assets/KaTeX_Caligraphic-Regular-CTRA-rTL.woff            7.65 kB
out/renderer/assets/KaTeX_Caligraphic-Bold-BEiXGLvX.woff               7.71 kB
out/renderer/assets/kernel-hermes-DJPmcTwJ.ico                         8.48 kB
out/renderer/assets/model-provider-zai-app-CL3KEqFX.png                8.78 kB
out/renderer/assets/KaTeX_Script-Regular-D3wIWfF6.woff2                9.64 kB
out/renderer/assets/KaTeX_SansSerif-Regular-DDBCnlJ7.woff2            10.34 kB
out/renderer/assets/KaTeX_Size4-Regular-DWFBv043.ttf                  10.36 kB
out/renderer/assets/KaTeX_Script-Regular-D5yQViql.woff                10.58 kB
out/renderer/assets/KaTeX_Fraktur-Regular-CTYiF6lA.woff2              11.31 kB
out/renderer/assets/KaTeX_Fraktur-Bold-CL6g_b3V.woff2                 11.34 kB
out/renderer/assets/KaTeX_Size2-Regular-B7gKUWhC.ttf                  11.50 kB
out/renderer/assets/task-notification-pop-qiQ1Ge3C.mp3                11.81 kB
out/renderer/assets/KaTeX_SansSerif-Italic-C3H0VqGB.woff2             12.02 kB
out/renderer/assets/KaTeX_SansSerif-Bold-D1sUS0GD.woff2               12.21 kB
out/renderer/assets/KaTeX_Size1-Regular-Dbsnue_I.ttf                  12.22 kB
out/renderer/assets/KaTeX_SansSerif-Regular-CS6fqUqJ.woff             12.31 kB
out/renderer/assets/KaTeX_Caligraphic-Regular-wX97UBjC.ttf            12.34 kB
out/renderer/assets/KaTeX_Caligraphic-Bold-ATXxdsX0.ttf               12.36 kB
out/renderer/assets/KaTeX_Fraktur-Regular-Dxdc4cR9.woff               13.20 kB
out/renderer/assets/KaTeX_Fraktur-Bold-BsDP51OF.woff                  13.29 kB
out/renderer/assets/KaTeX_Typewriter-Regular-CO6r4hn1.woff2           13.56 kB
out/renderer/assets/KaTeX_SansSerif-Italic-DN2j7dab.woff              14.11 kB
out/renderer/index.html                                               14.33 kB │ gzip:     3.77 kB
out/renderer/assets/KaTeX_SansSerif-Bold-DbIhKOiC.woff                14.40 kB
out/renderer/pdfjs/cmaps/GBKp-EUC-H.bcmap                             14.68 kB
out/renderer/pdfjs/cmaps/GBK-EUC-H.bcmap                              14.69 kB
out/renderer/assets/docx-import-worker-oPk-zLr5.js                    14.85 kB
out/renderer/assets/KaTeX_Typewriter-Regular-C0xS9mPB.woff            16.02 kB
out/renderer/assets/KaTeX_Math-BoldItalic-CZnvNsCZ.woff2              16.40 kB
out/renderer/assets/KaTeX_Math-Italic-t53AETM-.woff2                  16.44 kB
out/renderer/assets/KaTeX_Script-Regular-C5JkGWo-.ttf                 16.64 kB
out/renderer/assets/KaTeX_Main-BoldItalic-DxDJ3AOS.woff2              16.78 kB
out/renderer/pdfjs/cmaps/KSC-Johab-H.bcmap                            16.79 kB
out/renderer/assets/KaTeX_Main-Italic-NWA7e6Wa.woff2                  16.98 kB
out/renderer/assets/KaTeX_Math-BoldItalic-iY-2wyZ7.woff               18.66 kB
out/renderer/assets/KaTeX_Math-Italic-DA0__PXp.woff                   18.74 kB
out/renderer/assets/KaTeX_Main-BoldItalic-SpSLRI95.woff               19.41 kB
out/renderer/assets/KaTeX_SansSerif-Regular-BNo7hRIc.ttf              19.43 kB
out/renderer/assets/KaTeX_Fraktur-Regular-CB_wures.ttf                19.57 kB
out/renderer/assets/KaTeX_Fraktur-Bold-BdnERNNW.ttf                   19.58 kB
out/renderer/pdfjs/cmaps/GBK2K-H.bcmap                                19.66 kB
out/renderer/assets/KaTeX_Main-Italic-BMLOBm91.woff                   19.67 kB
out/renderer/assets/KaTeX_SansSerif-Italic-YYjJ1zSn.ttf               22.36 kB
out/renderer/pdfjs/cmaps/Adobe-Korea1-UCS2.bcmap                      23.29 kB
out/renderer/assets/KaTeX_SansSerif-Bold-CFMepnvq.ttf                 24.50 kB
out/renderer/assets/KaTeX_Main-Bold-Cx986IdX.woff2                    25.32 kB
out/renderer/pdfjs/cmaps/UniJIS-UCS2-H.bcmap                          25.43 kB
out/renderer/pdfjs/cmaps/UniKS-UCS2-H.bcmap                           25.78 kB
out/renderer/assets/KaTeX_Main-Regular-B22Nviop.woff2                 26.27 kB
out/renderer/pdfjs/cmaps/UniKS-UTF16-H.bcmap                          26.32 kB
out/renderer/pdfjs/cmaps/UniKS-UTF32-H.bcmap                          26.45 kB
out/renderer/assets/KaTeX_Typewriter-Regular-D3Ib7_Hf.ttf             27.55 kB
out/renderer/pdfjs/cmaps/UniKS-UTF8-H.bcmap                           27.79 kB
out/renderer/assets/KaTeX_AMS-Regular-BQhdFMY1.woff2                  28.07 kB
out/renderer/assets/KaTeX_Main-Bold-Jm3AIy58.woff                     29.91 kB
out/renderer/assets/KaTeX_Main-Regular-Dr94JaBh.woff                  30.77 kB
out/renderer/assets/KaTeX_Math-BoldItalic-B3XSjfu4.ttf                31.19 kB
out/renderer/assets/KaTeX_Math-Italic-flOr_0UB.ttf                    31.30 kB
out/renderer/assets/KaTeX_Main-BoldItalic-DzxPMmG6.ttf                32.96 kB
out/renderer/assets/KaTeX_AMS-Regular-DMm9YOAa.woff                   33.51 kB
out/renderer/assets/KaTeX_Main-Italic-3WenGoN9.ttf                    33.58 kB
out/renderer/pdfjs/cmaps/Adobe-GB1-UCS2.bcmap                         33.97 kB
out/renderer/pdfjs/cmaps/UniJIS-UTF16-H.bcmap                         39.44 kB
out/renderer/pdfjs/cmaps/UniJIS2004-UTF16-H.bcmap                     39.53 kB
out/renderer/pdfjs/cmaps/UniJISX0213-UTF32-H.bcmap                    40.51 kB
out/renderer/pdfjs/cmaps/UniJIS-UTF32-H.bcmap                         40.53 kB
out/renderer/pdfjs/cmaps/UniJISX02132004-UTF32-H.bcmap                40.60 kB
out/renderer/pdfjs/cmaps/UniJIS2004-UTF32-H.bcmap                     40.63 kB
out/renderer/pdfjs/cmaps/Adobe-Japan1-UCS2.bcmap                      40.95 kB
out/renderer/pdfjs/cmaps/Adobe-CNS1-UCS2.bcmap                        41.19 kB
out/renderer/pdfjs/cmaps/UniJIS-UTF8-H.bcmap                          41.69 kB
out/renderer/pdfjs/cmaps/UniJIS2004-UTF8-H.bcmap                      41.77 kB
out/renderer/pdfjs/cmaps/UniGB-UCS2-H.bcmap                           43.36 kB
out/renderer/pdfjs/cmaps/UniGB-UTF16-H.bcmap                          44.08 kB
out/renderer/pdfjs/cmaps/UniGB-UTF32-H.bcmap                          45.73 kB
out/renderer/pdfjs/cmaps/UniGB-UTF8-H.bcmap                           46.83 kB
out/renderer/pdfjs/cmaps/UniCNS-UCS2-H.bcmap                          48.28 kB
out/renderer/pdfjs/cmaps/UniCNS-UTF16-H.bcmap                         50.41 kB
out/renderer/assets/KaTeX_Main-Bold-waoOVXN0.ttf                      51.33 kB
out/renderer/pdfjs/cmaps/UniCNS-UTF32-H.bcmap                         52.67 kB
out/renderer/assets/KaTeX_Main-Regular-ypZvNtVU.ttf                   53.58 kB
out/renderer/pdfjs/cmaps/UniCNS-UTF8-H.bcmap                          53.62 kB
out/renderer/assets/KaTeX_AMS-Regular-DRggAlZN.ttf                    63.63 kB
out/renderer/assets/xlsx-worker-DJiDdvsD.js                          132.12 kB
out/renderer/assets/diffs.worker-CAavpt0L.js                         827.86 kB
out/renderer/assets/pdf.worker.min-qwK7q_zL.mjs                    1,046.21 kB
out/renderer/assets/docx_wasm_bg-HWnIvdMf.wasm                     1,119.33 kB │ gzip:   443.20 kB
out/renderer/assets/knorvia-logo-Birqj2NZ.png                      1,146.99 kB
out/renderer/assets/duke_sheets_wasm_bg-BCCK9PkU.wasm              4,345.44 kB │ gzip: 1,663.17 kB
out/renderer/assets/pdf-viewer-Dgb4oCkS.css                            1.49 kB │ gzip:     0.59 kB
out/renderer/assets/StudioWorkflowPage-oIc25VWw.css                   16.31 kB │ gzip:     2.71 kB
out/renderer/assets/rendererAppearance-CWCRlFYs.css                  361.73 kB │ gzip:    59.67 kB
out/renderer/assets/mermaid-GHXKKRXX-DfpI90o4.js                       0.07 kB │ gzip:     0.08 kB
out/renderer/assets/previewPanePdfContent-u92L-EWy.js                  0.08 kB │ gzip:     0.09 kB
out/renderer/assets/previewPanePptxContent-nxXJLRWs.js                 0.08 kB │ gzip:     0.09 kB
out/renderer/assets/clone-C_OH3uLs.js                                  0.09 kB │ gzip:     0.10 kB │ map:      1.33 kB
out/renderer/assets/previewPaneOfficeContent-vEsALWwT.js               0.09 kB │ gzip:     0.09 kB
out/renderer/assets/array-8_H1156C.js                                  0.10 kB │ gzip:     0.11 kB │ map:      0.52 kB
out/renderer/assets/channel-ZTolT0wq.js                                0.11 kB │ gzip:     0.12 kB │ map:      0.49 kB
out/renderer/assets/pie-ZZUOXDRM-BrV88h2n.js                           0.11 kB │ gzip:     0.11 kB
out/renderer/assets/info-OMHHGYJF-DDjVKWVr.js                          0.11 kB │ gzip:     0.11 kB
out/renderer/assets/radar-PYXPWWZC-GIWBe3kc.js                         0.11 kB │ gzip:     0.12 kB
out/renderer/assets/packet-4T2RLAQJ-BMC2RxRn.js                        0.12 kB │ gzip:     0.12 kB
out/renderer/assets/treemap-W4RFUUIX-C-Tf3Siy.js                       0.12 kB │ gzip:     0.12 kB
out/renderer/assets/wardley-RL74JXVD-BjmZjRkv.js                       0.12 kB │ gzip:     0.12 kB
out/renderer/assets/gitGraph-7Q5UKJZL-CeVJefFe.js                      0.12 kB │ gzip:     0.12 kB
out/renderer/assets/treeView-SZITEDCU-C4s6aPMJ.js                      0.12 kB │ gzip:     0.12 kB
out/renderer/assets/architecture-YZFGNWBL-CHLTQFOR.js                  0.12 kB │ gzip:     0.12 kB
out/renderer/assets/tiny-invariant-cSlNJ5rz.js                         0.15 kB │ gzip:     0.14 kB │ map:      0.85 kB
out/renderer/assets/chunk-QZHKN3VN-CbJfhF1w.js                         0.18 kB │ gzip:     0.15 kB │ map:      0.78 kB
out/renderer/assets/src-2FP7IUE6-BkVGyyON.js                           0.21 kB │ gzip:     0.17 kB
out/renderer/assets/chunk-4BX2VUAB-na9kU3wZ.js                         0.21 kB │ gzip:     0.16 kB │ map:      0.80 kB
out/renderer/assets/chunk-55IACEB6-DgCIFcQ3.js                         0.22 kB │ gzip:     0.20 kB │ map:      0.98 kB
out/renderer/assets/utils-oVcIx2qB.js                                  0.25 kB │ gzip:     0.18 kB │ map:      0.96 kB
out/renderer/assets/chunk-426QAEUC-DeE66gTv.js                         0.27 kB │ gzip:     0.23 kB │ map:      1.07 kB
out/renderer/assets/tokenNumberFormat-BHTAY7bB.js                      0.30 kB │ gzip:     0.22 kB │ map:      1.43 kB
out/renderer/assets/path-D9WG6z1A.js                                   0.30 kB │ gzip:     0.22 kB │ map:      1.03 kB
out/renderer/assets/math-BimUPnFb.js                                   0.31 kB │ gzip:     0.20 kB │ map:      1.01 kB
out/renderer/assets/e2eStoreBridgeBootstrap-BJtsUGCf.js                0.33 kB │ gzip:     0.21 kB │ map:      1.36 kB
out/renderer/assets/chunk-FMBD7UC4-BZyYoc8t.js                         0.35 kB │ gzip:     0.26 kB │ map:      0.74 kB
out/renderer/assets/init-CpIUvmsq.js                                   0.36 kB │ gzip:     0.17 kB │ map:      1.23 kB
out/renderer/assets/src-AEHDFCS5-CKJftA2M.js                           0.39 kB │ gzip:     0.25 kB
out/renderer/assets/jsx-runtime-Sl-DjM20.js                            0.42 kB │ gzip:     0.29 kB │ map:      1.93 kB
out/renderer/assets/chunk-FOC6F5B3-DGeML7qO.js                         0.45 kB │ gzip:     0.31 kB │ map:      1.94 kB
out/renderer/assets/chunk-2KRD3SAO-CNZIr7_P.js                         0.45 kB │ gzip:     0.31 kB │ map:      1.93 kB
out/renderer/assets/chunk-67CJDMHE-D4vUCJIr.js                         0.46 kB │ gzip:     0.31 kB │ map:      1.98 kB
out/renderer/assets/chunk-KGLVRYIC-BprZVFfq.js                         0.46 kB │ gzip:     0.31 kB │ map:      1.92 kB
out/renderer/assets/tooltipContext-CyiufOeo.js                         0.49 kB │ gzip:     0.27 kB │ map:      2.95 kB
out/renderer/assets/chunk-CIAEETIT-DHGGpDOz.js                         0.50 kB │ gzip:     0.35 kB │ map:      2.06 kB
out/renderer/assets/chunk-EDXVE4YY-C68hkBFK.js                         0.53 kB │ gzip:     0.38 kB │ map:      2.00 kB
out/renderer/assets/codeowners-D7SQQJqJ.js                             0.54 kB │ gzip:     0.31 kB │ map:      1.04 kB
out/renderer/assets/codeowners-DjOyG1y8.js                             0.54 kB │ gzip:     0.31 kB │ map:      1.06 kB
out/renderer/assets/flatten-4Yq8m71y.js                                0.57 kB │ gzip:     0.34 kB │ map:      5.97 kB
out/renderer/assets/highlighted-body-OFNGDK62-DZcBeY1I.js              0.59 kB │ gzip:     0.38 kB │ map:      1.24 kB
out/renderer/assets/chunk-AA7GKIK3-Be5ROBZ0.js                         0.60 kB │ gzip:     0.39 kB │ map:      2.40 kB
out/renderer/assets/infoDiagram-42DDH7IO--6HdFWL_.js                   0.61 kB │ gzip:     0.40 kB │ map:      1.99 kB
out/renderer/assets/studioFirstRunGuideEvents-Dm4vxkye.js              0.63 kB │ gzip:     0.33 kB │ map:      2.08 kB
out/renderer/assets/chunk-ORNJ4GCN-fLDZ3jvx.js                         0.65 kB │ gzip:     0.40 kB │ map:      2.62 kB
out/renderer/assets/stateDiagram-v2-QKLJ7IA2-B8tl-8bB.js               0.67 kB │ gzip:     0.40 kB │ map:      1.39 kB
out/renderer/assets/modulepreload-polyfill-CSRv37U6.js                 0.69 kB │ gzip:     0.39 kB
out/renderer/assets/shellsession-Bh-3lXr-.js                           0.71 kB │ gzip:     0.43 kB │ map:      1.30 kB
out/renderer/assets/shellsession-UOz7dZRt.js                           0.71 kB │ gzip:     0.42 kB │ map:      1.28 kB
out/renderer/assets/tsv-CNYOsBsN.js                                    0.73 kB │ gzip:     0.33 kB │ map:      1.35 kB
out/renderer/assets/tsv-DV6ZD5KQ.js                                    0.73 kB │ gzip:     0.33 kB │ map:      1.33 kB
out/renderer/assets/classDiagram-6PBFFD2Q-BG-Nibd9.js                  0.74 kB │ gzip:     0.43 kB │ map:      1.44 kB
out/renderer/assets/classDiagram-v2-HSJHXN6E-CBZgovvY.js               0.74 kB │ gzip:     0.43 kB │ map:      1.45 kB
out/renderer/assets/linearClosed-C1znGjdO.js                           0.84 kB │ gzip:     0.31 kB │ map:      2.58 kB
out/renderer/assets/html-derivative-CVgewg81.js                        0.84 kB │ gzip:     0.45 kB │ map:      1.38 kB
out/renderer/assets/html-derivative-MWlzeknK.js                        0.84 kB │ gzip:     0.45 kB │ map:      1.40 kB
out/renderer/assets/chunk-7N4EOEYR-CfvL4bKS.js                         0.90 kB │ gzip:     0.49 kB │ map:      3.36 kB
out/renderer/assets/line-BARYsMNX.js                                   0.94 kB │ gzip:     0.47 kB │ map:      3.39 kB
out/renderer/assets/chunk-ZZ45TVLE-DtNV2kO-.js                         0.95 kB │ gzip:     0.58 kB │ map:      3.25 kB
out/renderer/assets/previewPanePdfContent-D6C4ZDPO.js                  0.96 kB │ gzip:     0.56 kB │ map:      1.23 kB
out/renderer/assets/logger-CgB8vivt.js                                 0.98 kB │ gzip:     0.51 kB │ map:      5.73 kB
out/renderer/assets/git-rebase-BNXIGVJb.js                             0.98 kB │ gzip:     0.43 kB │ map:      1.64 kB
out/renderer/assets/git-rebase-sW052Wbz.js                             0.98 kB │ gzip:     0.44 kB │ map:      1.66 kB
out/renderer/assets/qmldir-Bkt6AB11.js                                 0.99 kB │ gzip:     0.44 kB │ map:      1.71 kB
out/renderer/assets/qmldir-ClYj9lmv.js                                 0.99 kB │ gzip:     0.44 kB │ map:      1.69 kB
out/renderer/assets/resource-manager-DyjP6dcV.js                       0.99 kB │ gzip:     0.51 kB │ map:      2.55 kB
out/renderer/assets/value-DUsJTv_F.js                                  1.04 kB │ gzip:     0.55 kB │ map:      4.32 kB
out/renderer/assets/keyboardShortcuts-Db_5JhV-.js                      1.04 kB │ gzip:     0.51 kB │ map:      5.39 kB
out/renderer/assets/csv-D7BOjEdS.js                                    1.13 kB │ gzip:     0.36 kB │ map:      1.95 kB
out/renderer/assets/csv-IkJWgiqS.js                                    1.13 kB │ gzip:     0.36 kB │ map:      1.97 kB
out/renderer/assets/isEmpty-QchZpr3-.js                                1.16 kB │ gzip:     0.63 kB │ map:      7.89 kB
out/renderer/assets/ordinal-eDnGG4d3.js                                1.18 kB │ gzip:     0.57 kB │ map:      4.66 kB
out/renderer/assets/preload-helper-jBU7KXMv.js                         1.20 kB │ gzip:     0.68 kB
out/renderer/assets/git-commit-9uVz1ZFR.js                             1.22 kB │ gzip:     0.52 kB │ map:      2.01 kB
out/renderer/assets/git-commit-DIlK0Vyd.js                             1.22 kB │ gzip:     0.52 kB │ map:      1.99 kB
out/renderer/assets/pie-D1Ior7LT.js                                    1.25 kB │ gzip:     0.57 kB │ map:      4.62 kB
out/renderer/assets/chunk-D-fkvfCP.js                                  1.26 kB │ gzip:     0.69 kB
out/renderer/assets/xsl-CMr4tLSZ.js                                    1.36 kB │ gzip:     0.50 kB │ map:      2.17 kB
out/renderer/assets/xsl-D6DmZBOn.js                                    1.36 kB │ gzip:     0.50 kB │ map:      2.15 kB
out/renderer/assets/previewPanePptxContent-o-LBtBqU.js                 1.37 kB │ gzip:     0.75 kB │ map:      1.94 kB
out/renderer/assets/dotenv-DWdGJAf_.js                                 1.41 kB │ gzip:     0.52 kB │ map:      2.29 kB
out/renderer/assets/dotenv-DehqfRXs.js                                 1.41 kB │ gzip:     0.52 kB │ map:      2.31 kB
out/renderer/assets/chunk-LIHQZDEY-BmEYOOCB.js                         1.46 kB │ gzip:     0.78 kB │ map:      5.64 kB
out/renderer/assets/sparql-CmACE-cI.js                                 1.47 kB │ gzip:     0.81 kB │ map:      2.08 kB
out/renderer/assets/sparql-g7rnJDe5.js                                 1.47 kB │ gzip:     0.81 kB │ map:      2.07 kB
out/renderer/assets/ini-CFtwHfPp.js                                    1.51 kB │ gzip:     0.49 kB │ map:      2.43 kB
out/renderer/assets/ini-Clmhg418.js                                    1.51 kB │ gzip:     0.49 kB │ map:      2.45 kB
out/renderer/assets/band-DqT0rgon.js                                   1.53 kB │ gzip:     0.66 kB │ map:      5.43 kB
out/renderer/assets/with-selector-AfPi1nYm.js                          1.64 kB │ gzip:     0.73 kB │ map:      8.03 kB
out/renderer/assets/fortran-fixed-form-BrYRaGf1.js                     1.66 kB │ gzip:     0.69 kB │ map:      2.69 kB
out/renderer/assets/fortran-fixed-form-CpqkontR.js                     1.66 kB │ gzip:     0.69 kB │ map:      2.67 kB
out/renderer/assets/docker-C6qeVBno.js                                 1.73 kB │ gzip:     0.59 kB │ map:      2.62 kB
out/renderer/assets/docker-pHteq87W.js                                 1.73 kB │ gzip:     0.59 kB │ map:      2.60 kB
out/renderer/assets/hxml-B6N4nzLH.js                                   1.74 kB │ gzip:     0.87 kB │ map:      2.43 kB
out/renderer/assets/hxml-Cro3ccum.js                                   1.74 kB │ gzip:     0.87 kB │ map:      2.45 kB
out/renderer/assets/desktop-CJJ58oxU.js                                1.82 kB │ gzip:     0.75 kB │ map:      2.74 kB
out/renderer/assets/desktop-Q8UYg44a.js                                1.82 kB │ gzip:     0.75 kB │ map:      2.72 kB
out/renderer/assets/chunk-X2U36JSP-Cf2hdTVO.js                         1.83 kB │ gzip:     0.89 kB │ map:      6.04 kB
out/renderer/assets/dist-lWwGs9On.js                                   1.86 kB │ gzip:     0.82 kB │ map:      5.74 kB
out/renderer/assets/chunk-YZCP3GAM-CZR4nIBd.js                         1.93 kB │ gzip:     0.86 kB │ map:      6.41 kB
out/renderer/assets/presentationElementModel-Kc-CSZuy.js               1.96 kB │ gzip:     0.85 kB │ map:      9.36 kB
out/renderer/assets/chunk-XBI2PYTU-bfeGTpUT.js                         2.00 kB │ gzip:     0.76 kB │ map:      3.94 kB
out/renderer/assets/path-Cve0mY2c.js                                   2.07 kB │ gzip:     0.91 kB │ map:      8.00 kB
out/renderer/assets/chunk-BSJP7CBP-Mnl4pSf5.js                         2.09 kB │ gzip:     0.81 kB │ map:     10.29 kB
out/renderer/assets/officeFilePreview-BVY6zTeK.js                      2.12 kB │ gzip:     1.02 kB │ map:      8.89 kB
out/renderer/assets/erb-CpI1H4yY.js                                    2.13 kB │ gzip:     0.62 kB │ map:      3.27 kB
out/renderer/assets/erb-DyH4-PXV.js                                    2.13 kB │ gzip:     0.62 kB │ map:      3.26 kB
out/renderer/assets/wenyan-D6uMUvee.js                                 2.15 kB │ gzip:     1.08 kB │ map:      3.14 kB
out/renderer/assets/wenyan-DXMe2WDX.js                                 2.15 kB │ gzip:     1.08 kB │ map:      3.16 kB
out/renderer/assets/appUsageChartPalette-9uI9xlsP.js                   2.18 kB │ gzip:     0.92 kB │ map:      5.97 kB
out/renderer/assets/cua-permission-panel-CUrzs4Vf.js                   2.23 kB │ gzip:     1.04 kB │ map:      6.43 kB
out/renderer/assets/jssm-DIMP0xl-.js                                   2.23 kB │ gzip:     0.61 kB │ map:      3.37 kB
out/renderer/assets/jssm-xb6tdHlX.js                                   2.23 kB │ gzip:     0.61 kB │ map:      3.35 kB
out/renderer/assets/edge-BqecEyiK.js                                   2.30 kB │ gzip:     0.67 kB │ map:      3.51 kB
out/renderer/assets/edge-DfkyTtZn.js                                   2.30 kB │ gzip:     0.67 kB │ map:      3.53 kB
out/renderer/assets/reg-DMPPl3Vb.js                                    2.33 kB │ gzip:     0.69 kB │ map:      3.49 kB
out/renderer/assets/reg-DhIMi_Xx.js                                    2.33 kB │ gzip:     0.69 kB │ map:      3.47 kB
out/renderer/assets/diff-CcrICYa0.js                                   2.56 kB │ gzip:     0.68 kB │ map:      3.82 kB
out/renderer/assets/diff-Ch_I_E3M.js                                   2.56 kB │ gzip:     0.68 kB │ map:      3.84 kB
out/renderer/assets/gleam-CZuGHLHM.js                                  2.57 kB │ gzip:     0.81 kB │ map:      3.95 kB
out/renderer/assets/gleam-DK4Vxxju.js                                  2.57 kB │ gzip:     0.81 kB │ map:      3.97 kB
out/renderer/assets/skillStore-1_pvsSvC.js                             2.60 kB │ gzip:     0.89 kB │ map:     12.94 kB
out/renderer/assets/hy-Boh_-YZc.js                                     2.64 kB │ gzip:     1.17 kB │ map:      3.65 kB
out/renderer/assets/hy-CHKAy4pG.js                                     2.64 kB │ gzip:     1.17 kB │ map:      3.67 kB
out/renderer/assets/catmullRom-LiP-kt2L.js                             2.72 kB │ gzip:     0.79 kB │ map:      7.95 kB
out/renderer/assets/diagram-5BDNPKRD-cc-0eGUg.js                       2.78 kB │ gzip:     1.35 kB │ map:      8.98 kB
out/renderer/assets/openscad-BXBbB14-.js                               2.81 kB │ gzip:     1.00 kB │ map:      4.20 kB
out/renderer/assets/openscad-DekZcwEX.js                               2.81 kB │ gzip:     1.00 kB │ map:      4.18 kB
out/renderer/assets/log-CGVIvE0n.js                                    2.84 kB │ gzip:     0.89 kB │ map:      4.31 kB
out/renderer/assets/log-DtGoJ2Of.js                                    2.84 kB │ gzip:     0.89 kB │ map:      4.33 kB
out/renderer/assets/json-CnedTix-.js                                   2.87 kB │ gzip:     0.81 kB │ map:      4.29 kB
out/renderer/assets/json-DrfACfXT.js                                   2.87 kB │ gzip:     0.81 kB │ map:      4.27 kB
out/renderer/assets/cairo-BmfauPR3.js                                  2.93 kB │ gzip:     0.80 kB │ map:      4.51 kB
out/renderer/assets/cairo-C-J2Ers1.js                                  2.93 kB │ gzip:     0.80 kB │ map:      4.49 kB
out/renderer/assets/berry-ClJTCJiJ.js                                  2.99 kB │ gzip:     0.80 kB │ map:      4.82 kB
out/renderer/assets/berry-CsUTMVQs.js                                  2.99 kB │ gzip:     0.80 kB │ map:      4.80 kB
out/renderer/assets/jsonl-D8uGO7go.js                                  3.00 kB │ gzip:     0.78 kB │ map:      4.47 kB
out/renderer/assets/jsonl-Dtcm464a.js                                  3.00 kB │ gzip:     0.78 kB │ map:      4.49 kB
out/renderer/assets/jsonc-CD5nFoxe.js                                  3.10 kB │ gzip:     0.78 kB │ map:      4.58 kB
out/renderer/assets/jsonc-CGH8SAxP.js                                  3.10 kB │ gzip:     0.78 kB │ map:      4.57 kB
out/renderer/assets/logo-AExPxf4C.js                                   3.12 kB │ gzip:     1.46 kB │ map:      3.79 kB
out/renderer/assets/logo-qIi3ziL_.js                                   3.12 kB │ gzip:     1.46 kB │ map:      3.77 kB
out/renderer/assets/po-CpNirWRr.js                                     3.23 kB │ gzip:     0.90 kB │ map:      5.04 kB
out/renderer/assets/po-DCXQbkK5.js                                     3.23 kB │ gzip:     0.90 kB │ map:      5.06 kB
out/renderer/assets/json5-BR_-8jgf.js                                  3.24 kB │ gzip:     0.82 kB │ map:      4.93 kB
out/renderer/assets/json5-C0wsfbCR.js                                  3.24 kB │ gzip:     0.82 kB │ map:      4.91 kB
out/renderer/assets/mipsasm-Bu7Vqm6I.js                                3.25 kB │ gzip:     1.17 kB │ map:      4.64 kB
out/renderer/assets/mipsasm-CimHmgKb.js                                3.25 kB │ gzip:     1.17 kB │ map:      4.65 kB
out/renderer/assets/tasl-B6sR6hDE.js                                   3.28 kB │ gzip:     0.84 kB │ map:      5.11 kB
out/renderer/assets/tasl-Bp_Ilkma.js                                   3.28 kB │ gzip:     0.84 kB │ map:      5.09 kB
out/renderer/assets/genie-B-T2b4cV.js                                  3.34 kB │ gzip:     1.20 kB │ map:      4.85 kB
out/renderer/assets/genie-Dm24XwXk.js                                  3.34 kB │ gzip:     1.20 kB │ map:      4.83 kB
out/renderer/assets/rel-CZjgDKQQ.js                                    3.36 kB │ gzip:     1.10 kB │ map:      4.85 kB
out/renderer/assets/rel-DSQmA_sp.js                                    3.36 kB │ gzip:     1.10 kB │ map:      4.83 kB
out/renderer/assets/vala-C_t4MvK-.js                                   3.36 kB │ gzip:     1.18 kB │ map:      4.85 kB
out/renderer/assets/vala-Cx4qkoDB.js                                   3.36 kB │ gzip:     1.18 kB │ map:      4.87 kB
out/renderer/assets/previewPaneOfficeContent-BPo9So1s.js               3.42 kB │ gzip:     1.59 kB │ map:      5.51 kB
out/renderer/assets/symbol-D7_mF1X_.js                                 3.42 kB │ gzip:     1.29 kB │ map:     14.26 kB
out/renderer/assets/splunk-BMyMVj0H.js                                 3.42 kB │ gzip:     1.51 kB │ map:      4.40 kB
out/renderer/assets/splunk-CyMa3rOH.js                                 3.42 kB │ gzip:     1.51 kB │ map:      4.42 kB
out/renderer/assets/arc-BJqSI2X9.js                                    3.47 kB │ gzip:     1.46 kB │ map:     15.14 kB
out/renderer/assets/chunk-336JU56O-CBS2am8Z.js                         3.50 kB │ gzip:     1.59 kB │ map:      6.11 kB
out/renderer/assets/hurl-BhwhYqIz.js                                   3.51 kB │ gzip:     1.10 kB │ map:      5.40 kB
out/renderer/assets/hurl-dJ_cXMLs.js                                   3.51 kB │ gzip:     1.09 kB │ map:      5.38 kB
out/renderer/assets/react-dom-CIJk3-wA.js                              3.56 kB │ gzip:     1.35 kB │ map:     12.08 kB
out/renderer/assets/fluent-DJT04WpE.js                                 3.60 kB │ gzip:     0.89 kB │ map:      5.18 kB
out/renderer/assets/fluent-DSQ1BssX.js                                 3.60 kB │ gzip:     0.89 kB │ map:      5.16 kB
out/renderer/assets/ssh-config-BTru0WRr.js                             3.61 kB │ gzip:     1.59 kB │ map:      4.47 kB
out/renderer/assets/ssh-config-CcXjtnEs.js                             3.61 kB │ gzip:     1.59 kB │ map:      4.45 kB
out/renderer/assets/jsonnet-7nTb_pok.js                                3.61 kB │ gzip:     1.03 kB │ map:      5.38 kB
out/renderer/assets/jsonnet-CYs8qEsW.js                                3.61 kB │ gzip:     1.03 kB │ map:      5.40 kB
out/renderer/assets/kdl-B9VAz6Ox.js                                    3.62 kB │ gzip:     1.03 kB │ map:      5.49 kB
out/renderer/assets/kdl-Cy1Zkygh.js                                    3.62 kB │ gzip:     1.03 kB │ map:      5.47 kB
out/renderer/assets/narrat-CUt8k5vJ.js                                 3.66 kB │ gzip:     1.09 kB │ map:      5.40 kB
out/renderer/assets/narrat-ChBre1wW.js                                 3.66 kB │ gzip:     1.09 kB │ map:      5.38 kB
out/renderer/assets/glsl-C0ZR44kJ.js                                   3.68 kB │ gzip:     1.45 kB │ map:      4.36 kB
out/renderer/assets/glsl-DF6LIJwo.js                                   3.68 kB │ gzip:     1.45 kB │ map:      4.34 kB
out/renderer/assets/turtle-BC-z6jlm.js                                 3.69 kB │ gzip:     0.96 kB │ map:      5.45 kB
out/renderer/assets/turtle-CjWPWIZO.js                                 3.69 kB │ gzip:     0.96 kB │ map:      5.47 kB
out/renderer/assets/zenscript-Bk9PMTUX.js                              3.90 kB │ gzip:     1.28 kB │ map:      5.73 kB
out/renderer/assets/zenscript-DC_1bKov.js                              3.90 kB │ gzip:     1.28 kB │ map:      5.71 kB
out/renderer/assets/ron-C61HYG_G.js                                    3.90 kB │ gzip:     0.97 kB │ map:      6.00 kB
out/renderer/assets/ron-DofTnlfG.js                                    3.90 kB │ gzip:     0.97 kB │ map:      5.98 kB
out/renderer/assets/gn-BvP_aLFt.js                                     3.99 kB │ gzip:     1.47 kB │ map:      5.24 kB
out/renderer/assets/gn-CxzSUrLc.js                                     3.99 kB │ gzip:     1.47 kB │ map:      5.26 kB
out/renderer/assets/pieDiagram-DEJITSTG-DdjsH3Ok.js                    4.03 kB │ gzip:     1.81 kB │ map:     12.29 kB
out/renderer/assets/imeComposition-DsY6nxGD.js                         4.12 kB │ gzip:     1.66 kB │ map:     14.38 kB
out/renderer/assets/pascal-BqOzPkLZ.js                                 4.14 kB │ gzip:     1.67 kB │ map:      5.49 kB
out/renderer/assets/pascal-nbbIMFWS.js                                 4.14 kB │ gzip:     1.67 kB │ map:      5.51 kB
out/renderer/assets/diagram-TYMM5635-CPu78mdL.js                       4.24 kB │ gzip:     1.83 kB │ map:     12.07 kB
out/renderer/assets/http-CSkhhcF7.js                                   4.41 kB │ gzip:     1.06 kB │ map:      6.65 kB
out/renderer/assets/http-CXLKyglR.js                                   4.41 kB │ gzip:     1.06 kB │ map:      6.67 kB
out/renderer/assets/tcl-CV8IEZbG.js                                    4.42 kB │ gzip:     1.50 kB │ map:      6.44 kB
out/renderer/assets/tcl-CV_B0JUW.js                                    4.42 kB │ gzip:     1.50 kB │ map:      6.46 kB
out/renderer/assets/nextflow-D73vLmaG.js                               4.50 kB │ gzip:     1.16 kB │ map:      6.78 kB
out/renderer/assets/nextflow-Dz2GXQ8J.js                               4.50 kB │ gzip:     1.16 kB │ map:      6.80 kB
out/renderer/assets/rosmsg-CtuYWE6E.js                                 4.51 kB │ gzip:     1.05 kB │ map:      6.71 kB
out/renderer/assets/rosmsg-DFYQwlix.js                                 4.51 kB │ gzip:     1.05 kB │ map:      6.73 kB
out/renderer/assets/mermaid-parser.core-J6U_BdUj.js                    4.55 kB │ gzip:     1.44 kB │ map:      9.89 kB
out/renderer/assets/AppUsageDailyModelTrendChart-DLe1uU6Z.js           4.60 kB │ gzip:     1.99 kB │ map:     16.30 kB
out/renderer/assets/defaultLocale-CPimVhfE.js                          4.64 kB │ gzip:     2.12 kB │ map:     20.68 kB
out/renderer/assets/polar-hpWvweXT.js                                  4.66 kB │ gzip:     1.12 kB │ map:      7.21 kB
out/renderer/assets/polar-qQCskOHi.js                                  4.66 kB │ gzip:     1.12 kB │ map:      7.23 kB
out/renderer/assets/sdbl-BqqG4OY1.js                                   4.69 kB │ gzip:     2.00 kB │ map:      5.87 kB
out/renderer/assets/sdbl-C051l0wH.js                                   4.69 kB │ gzip:     2.00 kB │ map:      5.85 kB
out/renderer/assets/treemap-BnG8UK9k.js                                4.74 kB │ gzip:     1.84 kB │ map:     20.83 kB
out/renderer/assets/fennel-DO9VPN6o.js                                 4.76 kB │ gzip:     1.53 kB │ map:      6.38 kB
out/renderer/assets/fennel-Df-L0FGj.js                                 4.76 kB │ gzip:     1.53 kB │ map:      6.40 kB
out/renderer/assets/bibtex-DU0N2NO0.js                                 4.78 kB │ gzip:     0.83 kB │ map:      7.00 kB
out/renderer/assets/bibtex-SVjWgGeY.js                                 4.78 kB │ gzip:     0.83 kB │ map:      6.98 kB
out/renderer/assets/linear-G3cvKPL8.js                                 4.80 kB │ gzip:     1.96 kB │ map:     20.86 kB
out/renderer/assets/llvm-BpSaWxB4.js                                   5.04 kB │ gzip:     2.01 kB │ map:      6.65 kB
out/renderer/assets/llvm-CP64gV6e.js                                   5.04 kB │ gzip:     2.01 kB │ map:      6.63 kB
out/renderer/assets/wgsl-DA3LkeDW.js                                   5.13 kB │ gzip:     1.38 kB │ map:      7.48 kB
out/renderer/assets/wgsl-n1RTfMTD.js                                   5.13 kB │ gzip:     1.38 kB │ map:      7.46 kB
out/renderer/assets/gdresource-D2ACoiHh.js                             5.28 kB │ gzip:     1.33 kB │ map:      7.71 kB
out/renderer/assets/gdresource-DqLTlsbj.js                             5.28 kB │ gzip:     1.33 kB │ map:      7.73 kB
out/renderer/assets/presentationPdfPrintExport-DF8oZPEI.js             5.33 kB │ gzip:     2.54 kB │ map:     20.15 kB
out/renderer/assets/zig-Byb8-ZIL.js                                    5.33 kB │ gzip:     1.55 kB │ map:      7.83 kB
out/renderer/assets/zig-ecfUHJ5x.js                                    5.33 kB │ gzip:     1.55 kB │ map:      7.85 kB
out/renderer/assets/qml-BwJLVF3M.js                                    5.33 kB │ gzip:     1.38 kB │ map:      8.09 kB
out/renderer/assets/qml-DH4euLnP.js                                    5.33 kB │ gzip:     1.38 kB │ map:      8.11 kB
out/renderer/assets/dax-BHlyBdYx.js                                    5.35 kB │ gzip:     2.21 kB │ map:      6.73 kB
out/renderer/assets/dax-D2sW9XdC.js                                    5.35 kB │ gzip:     2.21 kB │ map:      6.75 kB
out/renderer/assets/bicep-DujXEUm3.js                                  5.37 kB │ gzip:     1.14 kB │ map:      7.89 kB
out/renderer/assets/bicep-XFgTpg97.js                                  5.37 kB │ gzip:     1.14 kB │ map:      7.87 kB
out/renderer/assets/xml-CGrXnDEz.js                                    5.43 kB │ gzip:     1.24 kB │ map:      7.82 kB
out/renderer/assets/xml-D6Jrrk1-.js                                    5.43 kB │ gzip:     1.24 kB │ map:      7.80 kB
out/renderer/assets/awk-Bb3FFKet.js                                    5.45 kB │ gzip:     1.37 kB │ map:      7.96 kB
out/renderer/assets/awk-wlFVGBTU.js                                    5.45 kB │ gzip:     1.37 kB │ map:      7.97 kB
out/renderer/assets/coq-8UwoXlcW.js                                    5.54 kB │ gzip:     1.91 kB │ map:      7.49 kB
out/renderer/assets/coq-B1v7Cg-Z.js                                    5.54 kB │ gzip:     1.91 kB │ map:      7.47 kB
out/renderer/assets/parts-B0rXvZXE.js                                  5.56 kB │ gzip:     2.13 kB │ map:     34.02 kB
out/renderer/assets/jinja-DDUCx-PS.js                                  5.62 kB │ gzip:     1.36 kB │ map:      8.47 kB
out/renderer/assets/jinja-P4bKLT59.js                                  5.62 kB │ gzip:     1.36 kB │ map:      8.43 kB
out/renderer/assets/diagram-MMDJMWI5-smh1dhq_.js                       5.77 kB │ gzip:     2.39 kB │ map:     18.16 kB
out/renderer/assets/lean-B8Ef7KMo.js                                   5.77 kB │ gzip:     1.91 kB │ map:      7.85 kB
out/renderer/assets/lean-BiPd2v-b.js                                   5.77 kB │ gzip:     1.91 kB │ map:      7.83 kB
out/renderer/assets/popover-B7c3DdMu.js                                5.87 kB │ gzip:     2.12 kB │ map:     20.78 kB
out/renderer/assets/moonbit-BPpzbBT0.js                                5.89 kB │ gzip:     1.67 kB │ map:      8.63 kB
out/renderer/assets/moonbit-D2A2Fk11.js                                5.89 kB │ gzip:     1.67 kB │ map:      8.65 kB
out/renderer/assets/powerquery-CQV0mjJV.js                             5.89 kB │ gzip:     1.51 kB │ map:      8.49 kB
out/renderer/assets/powerquery-CTECuNu5.js                             5.89 kB │ gzip:     1.51 kB │ map:      8.47 kB
out/renderer/assets/shaderlab-BNSPrhou.js                              5.91 kB │ gzip:     2.08 kB │ map:      7.68 kB
out/renderer/assets/shaderlab-DWLvbLTK.js                              5.91 kB │ gzip:     2.08 kB │ map:      7.66 kB
out/renderer/assets/verilog-D7rjj2kk.js                                5.92 kB │ gzip:     1.89 kB │ map:      8.00 kB
out/renderer/assets/verilog-nlwd3FrV.js                                5.92 kB │ gzip:     1.89 kB │ map:      7.98 kB
out/renderer/assets/cypher-BqSvkDbG.js                                 5.94 kB │ gzip:     1.71 kB │ map:      8.40 kB
out/renderer/assets/cypher-apJY_33M.js                                 5.94 kB │ gzip:     1.71 kB │ map:      8.42 kB
out/renderer/assets/vb-CTCwoQ-v.js                                     6.08 kB │ gzip:     2.33 kB │ map:      8.00 kB
out/renderer/assets/vb-Du6dwnG9.js                                     6.08 kB │ gzip:     2.33 kB │ map:      8.02 kB
out/renderer/assets/sessionStoreSelectors-P9qo3V6k.js                  6.15 kB │ gzip:     2.23 kB │ map:     43.94 kB
out/renderer/assets/red-Bfww4sHV.js                                    6.25 kB │ gzip:     1.59 kB │ map:      8.86 kB
out/renderer/assets/red-NrSgCRsj.js                                    6.25 kB │ gzip:     1.59 kB │ map:      8.85 kB
out/renderer/assets/min-dark-D86Lgtov.js                               6.28 kB │ gzip:     1.70 kB │ map:      8.60 kB
out/renderer/assets/min-dark-jjQMTI40.js                               6.28 kB │ gzip:     1.70 kB │ map:      8.58 kB
out/renderer/assets/gdshader-DUowPfX1.js                               6.31 kB │ gzip:     1.72 kB │ map:      9.17 kB
out/renderer/assets/gdshader-io6Mqz3p.js                               6.31 kB │ gzip:     1.72 kB │ map:      9.15 kB
out/renderer/assets/prisma-ByVOhCG2.js                                 6.32 kB │ gzip:     1.38 kB │ map:      9.25 kB
out/renderer/assets/prisma-DegiF_ul.js                                 6.32 kB │ gzip:     1.38 kB │ map:      9.23 kB
out/renderer/assets/ara-CDrZ3Qkz.js                                    6.35 kB │ gzip:     1.80 kB │ map:      9.21 kB
out/renderer/assets/ara-CG92Olb3.js                                    6.35 kB │ gzip:     1.80 kB │ map:      9.23 kB
out/renderer/assets/clojure-CxP40WrF.js                                6.40 kB │ gzip:     1.41 kB │ map:      9.26 kB
out/renderer/assets/clojure-DwE0-MSv.js                                6.40 kB │ gzip:     1.41 kB │ map:      9.25 kB
out/renderer/assets/postcss-BQcGkBD0.js                                6.41 kB │ gzip:     1.90 kB │ map:      9.09 kB
out/renderer/assets/postcss-Br2TF1o1.js                                6.41 kB │ gzip:     1.90 kB │ map:      9.07 kB
out/renderer/assets/toml-BDBEOgTn.js                                   6.41 kB │ gzip:     1.28 kB │ map:      9.43 kB
out/renderer/assets/toml-CraYrldN.js                                   6.41 kB │ gzip:     1.28 kB │ map:      9.45 kB
out/renderer/assets/solarized-light-BHamQgO1.js                        6.47 kB │ gzip:     1.71 kB │ map:      9.20 kB
out/renderer/assets/solarized-light-BKRSd-nA.js                        6.47 kB │ gzip:     1.71 kB │ map:      9.21 kB
out/renderer/assets/proto-BB58INhg.js                                  6.54 kB │ gzip:     1.41 kB │ map:      9.86 kB
out/renderer/assets/proto-D_FnVreI.js                                  6.54 kB │ gzip:     1.41 kB │ map:      9.88 kB
out/renderer/assets/smalltalk-B-6pOXwn.js                              6.58 kB │ gzip:     1.61 kB │ map:      9.23 kB
out/renderer/assets/smalltalk-EU55vyWy.js                              6.58 kB │ gzip:     1.61 kB │ map:      9.21 kB
out/renderer/assets/r-B40Lq6nd.js                                      6.59 kB │ gzip:     1.82 kB │ map:     10.11 kB
out/renderer/assets/r-_czVSbCH.js                                      6.59 kB │ gzip:     1.82 kB │ map:     10.09 kB
out/renderer/assets/talonscript-C_vQ_ZG_.js                            6.75 kB │ gzip:     1.48 kB │ map:     10.03 kB
out/renderer/assets/talonscript-CjVlV-1i.js                            6.75 kB │ gzip:     1.48 kB │ map:     10.05 kB
out/renderer/assets/solarized-dark-D6mKX9-j.js                         6.84 kB │ gzip:     1.78 kB │ map:      9.67 kB
out/renderer/assets/solarized-dark-DL6VeeHc.js                         6.84 kB │ gzip:     1.78 kB │ map:      9.65 kB
out/renderer/assets/riscv-C2GPx2EP.js                                  6.90 kB │ gzip:     1.97 kB │ map:      9.58 kB
out/renderer/assets/riscv-Dull5C4B.js                                  6.90 kB │ gzip:     1.97 kB │ map:      9.56 kB
out/renderer/assets/soy-BnlYTd4w.js                                    6.92 kB │ gzip:     1.62 kB │ map:     10.69 kB
out/renderer/assets/soy-DAnlBTw9.js                                    6.92 kB │ gzip:     1.62 kB │ map:     10.67 kB
out/renderer/assets/min-light-C6ozzVQP.js                              6.96 kB │ gzip:     1.88 kB │ map:      9.52 kB
out/renderer/assets/min-light-DNRUrunI.js                              6.96 kB │ gzip:     1.88 kB │ map:      9.50 kB
out/renderer/assets/step-CrtLad_J.js                                   6.99 kB │ gzip:     1.63 kB │ map:     21.94 kB
out/renderer/assets/scheme-CKT6m1n1.js                                 7.16 kB │ gzip:     2.04 kB │ map:      9.75 kB
out/renderer/assets/scheme-CqDuB2tb.js                                 7.16 kB │ gzip:     2.04 kB │ map:      9.77 kB
out/renderer/assets/hlsl-CiKahYoR.js                                   7.25 kB │ gzip:     2.18 kB │ map:      9.20 kB
out/renderer/assets/hlsl-Css_uEls.js                                   7.25 kB │ gzip:     2.18 kB │ map:      9.22 kB
out/renderer/assets/qss-5xhSZmVp.js                                    7.46 kB │ gzip:     2.57 kB │ map:      9.38 kB
out/renderer/assets/qss-CXw8QORe.js                                    7.46 kB │ gzip:     2.57 kB │ map:      9.36 kB
out/renderer/assets/identity-DwBZNDr7.js                               7.51 kB │ gzip:     2.82 kB │ map:     55.72 kB
out/renderer/assets/react-Ch-IqkCy.js                                  7.52 kB │ gzip:     2.87 kB │ map:     26.77 kB
out/renderer/assets/dart-BDFbkjgO.js                                   7.80 kB │ gzip:     1.91 kB │ map:     11.50 kB
out/renderer/assets/systemd-CiSOCm7P.js                                7.86 kB │ gzip:     2.54 kB │ map:     10.60 kB
out/renderer/assets/systemd-DKSa0i9r.js                                7.86 kB │ gzip:     2.54 kB │ map:     10.62 kB
out/renderer/assets/monokai-C4YQ19Lh.js                                7.88 kB │ gzip:     1.90 kB │ map:     11.07 kB
out/renderer/assets/monokai-QMDYHaCF.js                                7.88 kB │ gzip:     1.90 kB │ map:     11.09 kB
out/renderer/assets/regexp-B_VlgcUW.js                                 8.04 kB │ gzip:     1.46 kB │ map:     11.15 kB
out/renderer/assets/regexp-BoJWbhw1.js                                 8.04 kB │ gzip:     1.46 kB │ map:     11.16 kB
out/renderer/assets/haml-DSZjwofA.js                                   8.32 kB │ gzip:     1.84 kB │ map:     12.33 kB
out/renderer/assets/haml-DugdeeMe.js                                   8.32 kB │ gzip:     1.84 kB │ map:     12.35 kB
out/renderer/assets/typst-D58qyoYY.js                                  8.38 kB │ gzip:     1.66 kB │ map:     12.28 kB
out/renderer/assets/typst-WtL_MRos.js                                  8.38 kB │ gzip:     1.66 kB │ map:     12.26 kB
out/renderer/assets/string-BvH4SW9q.js                                 8.40 kB │ gzip:     3.60 kB │ map:     27.76 kB
out/renderer/assets/vue-html-BH5j2Ipb.js                               8.47 kB │ gzip:     1.68 kB │ map:     11.96 kB
out/renderer/assets/vue-html-B_u6SmNX.js                               8.47 kB │ gzip:     1.68 kB │ map:     11.94 kB
out/renderer/assets/plsql-CSLHAbGX.js                                  8.50 kB │ gzip:     2.99 kB │ map:     10.87 kB
out/renderer/assets/plsql-DS5zLgc-.js                                  8.50 kB │ gzip:     2.99 kB │ map:     10.85 kB
out/renderer/assets/reduce-CDaTDwJg.js                                 8.59 kB │ gzip:     3.57 kB │ map:     75.41 kB
out/renderer/assets/dart-D5P52zQn.js                                   8.61 kB │ gzip:     1.99 kB │ map:     12.61 kB
out/renderer/assets/horizon-Bmx-sOR_.js                                8.77 kB │ gzip:     1.94 kB │ map:     12.04 kB
out/renderer/assets/horizon-R_hrNLLk.js                                8.77 kB │ gzip:     1.94 kB │ map:     12.06 kB
out/renderer/assets/kotlin-CsSeos1p.js                                 8.77 kB │ gzip:     2.12 kB │ map:     12.74 kB
out/renderer/assets/kotlin-ebFEc35r.js                                 8.77 kB │ gzip:     2.12 kB │ map:     12.76 kB
out/renderer/assets/horizon-bright-Dpi-J5-W.js                         8.78 kB │ gzip:     1.96 kB │ map:     12.11 kB
out/renderer/assets/horizon-bright-mPRHxfaY.js                         8.78 kB │ gzip:     1.96 kB │ map:     12.09 kB
out/renderer/assets/ts-tags-dqhqv9w2.js                                8.92 kB │ gzip:     1.21 kB │ map:     14.47 kB
out/renderer/assets/make-BtWqUKc-.js                                   8.95 kB │ gzip:     1.76 kB │ map:     12.82 kB
out/renderer/assets/make-DoXmlesl.js                                   8.95 kB │ gzip:     1.76 kB │ map:     12.84 kB
out/renderer/assets/andromeeda-CBC36CqL.js                             9.01 kB │ gzip:     2.35 kB │ map:     11.92 kB
out/renderer/assets/andromeeda-CVkYIxsG.js                             9.01 kB │ gzip:     2.35 kB │ map:     11.94 kB
out/renderer/assets/sas-DzlY6-5q.js                                    9.06 kB │ gzip:     3.82 kB │ map:     11.07 kB
out/renderer/assets/sas-zIV1-mwd.js                                    9.06 kB │ gzip:     3.82 kB │ map:     11.09 kB
out/renderer/assets/dark-plus-D6Fl1Lx6.js                              9.09 kB │ gzip:     2.10 kB │ map:     12.39 kB
out/renderer/assets/dark-plus-LlTCumvp.js                              9.09 kB │ gzip:     2.10 kB │ map:     12.41 kB
out/renderer/assets/slack-dark-BaGIg67j.js                             9.11 kB │ gzip:     1.96 kB │ map:     12.48 kB
out/renderer/assets/slack-dark-yPo-dlTW.js                             9.11 kB │ gzip:     1.96 kB │ map:     12.50 kB
out/renderer/assets/chunk-YE7GQOST-DyTb35dL.js                         9.27 kB │ gzip:     2.58 kB │ map:     28.56 kB
out/renderer/assets/sass-CxYaZzWy.js                                   9.28 kB │ gzip:     2.48 kB │ map:     13.40 kB
out/renderer/assets/sass-DNxmmaR5.js                                   9.28 kB │ gzip:     2.48 kB │ map:     13.38 kB
out/renderer/assets/plastic-BUCkeLex.js                                9.29 kB │ gzip:     1.96 kB │ map:     12.47 kB
out/renderer/assets/plastic-CBfQ9L7l.js                                9.29 kB │ gzip:     1.96 kB │ map:     12.45 kB
out/renderer/assets/chunk-WKBPLHUA-D4mIskV8.js                         9.36 kB │ gzip:     3.55 kB │ map:     31.21 kB
out/renderer/assets/graphlib-TSwDF0on.js                               9.36 kB │ gzip:     3.18 kB │ map:     66.84 kB
out/renderer/assets/slack-ochin-B5Zqfc_W.js                            9.42 kB │ gzip:     2.08 kB │ map:     13.10 kB
out/renderer/assets/slack-ochin-x0IJOQ4X.js                            9.42 kB │ gzip:     2.08 kB │ map:     13.08 kB
out/renderer/assets/tex-Dbs3Qwl2.js                                    9.67 kB │ gzip:     3.06 kB │ map:     12.40 kB
out/renderer/assets/tex-HXw7a4Mk.js                                    9.67 kB │ gzip:     3.06 kB │ map:     12.38 kB
out/renderer/assets/jison-B2aposbl.js                                  9.69 kB │ gzip:     1.87 kB │ map:     14.08 kB
out/renderer/assets/jison-B5czwWVk.js                                  9.69 kB │ gzip:     1.87 kB │ map:     14.06 kB
out/renderer/assets/cmake-B8YK3XOM.js                                  9.84 kB │ gzip:     3.37 kB │ map:     11.25 kB
out/renderer/assets/cmake-DsO5_6VL.js                                  9.84 kB │ gzip:     3.37 kB │ map:     11.23 kB
out/renderer/assets/light-plus-CXt9pjhs.js                             9.93 kB │ gzip:     2.27 kB │ map:     13.39 kB
out/renderer/assets/light-plus-Ccz1aB-g.js                             9.93 kB │ gzip:     2.27 kB │ map:     13.40 kB
out/renderer/assets/hcl-D161-pvQ.js                                   10.04 kB │ gzip:     1.93 kB │ map:     14.75 kB
out/renderer/assets/hcl-PwE3WyWO.js                                   10.04 kB │ gzip:     1.93 kB │ map:     14.77 kB
out/renderer/assets/rst-9LOuIY4M.js                                   10.31 kB │ gzip:     2.25 kB │ map:     15.55 kB
out/renderer/assets/rst-D8989ud7.js                                   10.31 kB │ gzip:     2.25 kB │ map:     15.53 kB
out/renderer/assets/pkl-B7q9ZySv.js                                   10.36 kB │ gzip:     1.37 kB │ map:     15.44 kB
out/renderer/assets/pkl-C8UE0RHa.js                                   10.36 kB │ gzip:     1.37 kB │ map:     15.46 kB
out/renderer/assets/beancount-BaUaINEy.js                             10.36 kB │ gzip:     1.43 kB │ map:     15.02 kB
out/renderer/assets/beancount-Dm3tPgdR.js                             10.36 kB │ gzip:     1.43 kB │ map:     15.00 kB
out/renderer/assets/nextflow-groovy-DNe59YaC.js                       10.39 kB │ gzip:     2.12 kB │ map:     15.18 kB
out/renderer/assets/nextflow-groovy-C5W88-uL.js                       10.43 kB │ gzip:     2.13 kB │ map:     15.21 kB
out/renderer/assets/dream-maker-CrPqohaY.js                           10.46 kB │ gzip:     2.25 kB │ map:     15.09 kB
out/renderer/assets/dream-maker-Ds6C8mx1.js                           10.46 kB │ gzip:     2.25 kB │ map:     15.07 kB
out/renderer/assets/raku-1AY23DUE.js                                  10.46 kB │ gzip:     2.94 kB │ map:     12.87 kB
out/renderer/assets/raku-Dkg7OHdK.js                                  10.46 kB │ gzip:     2.94 kB │ map:     12.89 kB
out/renderer/assets/stateDiagram-FHFEXIEX-DIRhTqBT.js                 10.55 kB │ gzip:     3.68 kB │ map:     33.16 kB
out/renderer/assets/yaml-C131-HLj.js                                  10.56 kB │ gzip:     2.31 kB │ map:     14.85 kB
out/renderer/assets/yaml-CgrGOL6C.js                                  10.56 kB │ gzip:     2.31 kB │ map:     14.87 kB
out/renderer/assets/just-BQT6nKNi.js                                  10.76 kB │ gzip:     2.60 kB │ map:     15.21 kB
out/renderer/assets/just-Di6ZnDLE.js                                  10.76 kB │ gzip:     2.60 kB │ map:     15.23 kB
out/renderer/assets/diagram-G4DWMVQ6-bao_sg5R.js                      10.83 kB │ gzip:     3.75 kB │ map:     34.70 kB
out/renderer/assets/elm-CWXLJAmH.js                                   10.94 kB │ gzip:     2.10 kB │ map:     16.02 kB
out/renderer/assets/elm-LGju0lDu.js                                   10.94 kB │ gzip:     2.10 kB │ map:     16.00 kB
out/renderer/assets/dagre-KV5264BT-CDn9pEDb.js                        11.07 kB │ gzip:     4.14 kB │ map:     41.90 kB
out/renderer/assets/github-light-CR8JpVIP.js                          11.18 kB │ gzip:     2.49 kB │ map:     15.38 kB
out/renderer/assets/github-light-rhawOUye.js                          11.18 kB │ gzip:     2.49 kB │ map:     15.40 kB
out/renderer/assets/prolog-DAWyucVs.js                                11.34 kB │ gzip:     3.84 kB │ map:     13.26 kB
out/renderer/assets/prolog-DaCoBNSY.js                                11.34 kB │ gzip:     3.84 kB │ map:     13.28 kB
out/renderer/assets/terraform-D7YZEAlk.js                             11.38 kB │ gzip:     2.51 kB │ map:     16.20 kB
out/renderer/assets/terraform-DHPmN96d.js                             11.38 kB │ gzip:     2.51 kB │ map:     16.18 kB
out/renderer/assets/github-dark-BgX9gZ7P.js                           11.40 kB │ gzip:     2.53 kB │ map:     15.65 kB
out/renderer/assets/github-dark-BujC2-f-.js                           11.40 kB │ gzip:     2.53 kB │ map:     15.67 kB
out/renderer/assets/puppet-707W_UUJ.js                                11.43 kB │ gzip:     2.10 kB │ map:     16.30 kB
out/renderer/assets/puppet-CTksfOwR.js                                11.43 kB │ gzip:     2.10 kB │ map:     16.28 kB
out/renderer/assets/laserwave-Mc2IPIA-.js                             11.49 kB │ gzip:     2.57 kB │ map:     14.69 kB
out/renderer/assets/laserwave-bmM4RFlg.js                             11.49 kB │ gzip:     2.57 kB │ map:     14.67 kB
out/renderer/assets/gherkin-C56MVpu4.js                               11.93 kB │ gzip:     5.04 kB │ map:     13.10 kB
out/renderer/assets/gherkin-DGCT_deW.js                               11.93 kB │ gzip:     5.04 kB │ map:     13.08 kB
out/renderer/assets/wasm-DRfSWljp.js                                  12.00 kB │ gzip:     2.17 kB │ map:     16.82 kB
out/renderer/assets/wasm-rF0NfBrx.js                                  12.00 kB │ gzip:     2.17 kB │ map:     16.80 kB
out/renderer/assets/hjson-fk5xr2eu.js                                 12.04 kB │ gzip:     1.64 kB │ map:     17.25 kB
out/renderer/assets/hjson-nGMkUZ_p.js                                 12.04 kB │ gzip:     1.64 kB │ map:     17.27 kB
out/renderer/assets/useStudioGroups-BTuz5ZeB.js                       12.07 kB │ gzip:     4.75 kB │ map:     45.65 kB
out/renderer/assets/handlebars-DDMNAUNV.js                            12.16 kB │ gzip:     2.38 kB │ map:     17.36 kB
out/renderer/assets/handlebars-hdzyjwlJ.js                            12.16 kB │ gzip:     2.38 kB │ map:     17.34 kB
out/renderer/assets/apache-7MEZ2VcY.js                                12.44 kB │ gzip:     3.71 kB │ map:     15.91 kB
out/renderer/assets/apache-DjZdgklw.js                                12.44 kB │ gzip:     3.71 kB │ map:     15.93 kB
out/renderer/assets/vesper-BKid_b5m.js                                12.68 kB │ gzip:     1.98 kB │ map:     16.14 kB
out/renderer/assets/vesper-CXXUTzQ7.js                                12.68 kB │ gzip:     1.98 kB │ map:     16.16 kB
out/renderer/assets/bat-CMNXqa82.js                                   12.88 kB │ gzip:     3.22 kB │ map:     17.38 kB
out/renderer/assets/bat-Dgrgb2EL.js                                   12.88 kB │ gzip:     3.22 kB │ map:     17.36 kB
out/renderer/assets/browser-BQgzVnpA.js                               12.96 kB │ gzip:     6.36 kB │ map:    117.13 kB
out/renderer/assets/fish-BDRsUKY0.js                                  13.03 kB │ gzip:     1.73 kB │ map:     16.84 kB
out/renderer/assets/fish-Cx60Kuan.js                                  13.03 kB │ gzip:     1.73 kB │ map:     16.82 kB
out/renderer/assets/v-B5Mt_9uh.js                                     13.20 kB │ gzip:     2.73 kB │ map:     19.25 kB
out/renderer/assets/v-CClZvPQ5.js                                     13.20 kB │ gzip:     2.73 kB │ map:     19.23 kB
out/renderer/assets/vitesse-light-BqnWuIUl.js                         13.61 kB │ gzip:     3.03 kB │ map:     18.53 kB
out/renderer/assets/vitesse-light-Y7eH9kIF.js                         13.61 kB │ gzip:     3.03 kB │ map:     18.52 kB
out/renderer/assets/aurora-x-CCLI-qci.js                              13.65 kB │ gzip:     2.28 kB │ map:     17.56 kB
out/renderer/assets/aurora-x-CMi8cY5h.js                              13.65 kB │ gzip:     2.28 kB │ map:     17.54 kB
out/renderer/assets/vitesse-black-BR7gsjMr.js                         13.67 kB │ gzip:     3.05 kB │ map:     18.60 kB
out/renderer/assets/vitesse-black-CYG1srj1.js                         13.67 kB │ gzip:     3.05 kB │ map:     18.62 kB
out/renderer/assets/vitesse-dark-BqAWHc0p.js                          13.75 kB │ gzip:     3.06 kB │ map:     18.68 kB
out/renderer/assets/vitesse-dark-CntA_0k9.js                          13.75 kB │ gzip:     3.06 kB │ map:     18.70 kB
out/renderer/assets/pug-CDkHlP3O.js                                   13.84 kB │ gzip:     2.58 kB │ map:     20.47 kB
out/renderer/assets/pug-DYTl70ZL.js                                   13.84 kB │ gzip:     2.58 kB │ map:     20.49 kB
out/renderer/assets/luau-8ovVyCjn.js                                  13.95 kB │ gzip:     3.16 kB │ map:     19.59 kB
out/renderer/assets/luau-BVtgA2no.js                                  13.95 kB │ gzip:     3.16 kB │ map:     19.61 kB
out/renderer/assets/synthwave-84-C8Fxxl_o.js                          14.03 kB │ gzip:     2.85 kB │ map:     19.08 kB
out/renderer/assets/synthwave-84-C_KU2-KP.js                          14.03 kB │ gzip:     2.85 kB │ map:     19.06 kB
out/renderer/assets/github-light-default--y7WjP4r.js                  14.15 kB │ gzip:     3.02 kB │ map:     19.26 kB
out/renderer/assets/github-light-default-v7wAJh1Y.js                  14.15 kB │ gzip:     3.02 kB │ map:     19.24 kB
out/renderer/assets/clarity-DALg6mWa.js                               14.26 kB │ gzip:     2.46 kB │ map:     19.90 kB
out/renderer/assets/clarity-rfhKehTI.js                               14.26 kB │ gzip:     2.46 kB │ map:     19.92 kB
out/renderer/assets/github-light-high-contrast-D1KOqDd7.js            14.27 kB │ gzip:     3.00 kB │ map:     19.41 kB
out/renderer/assets/github-light-high-contrast-DlZyoaFx.js            14.27 kB │ gzip:     3.00 kB │ map:     19.43 kB
out/renderer/assets/github-dark-dimmed-B7NDZX5h.js                    14.43 kB │ gzip:     3.11 kB │ map:     19.61 kB
out/renderer/assets/github-dark-dimmed-CbJdgCiC.js                    14.43 kB │ gzip:     3.11 kB │ map:     19.63 kB
out/renderer/assets/github-dark-default-Bfj03fYJ.js                   14.43 kB │ gzip:     3.12 kB │ map:     19.64 kB
out/renderer/assets/github-dark-default-D4sK7t-F.js                   14.43 kB │ gzip:     3.12 kB │ map:     19.62 kB
out/renderer/assets/github-dark-high-contrast-BPI4DhhE.js             14.59 kB │ gzip:     3.07 kB │ map:     19.86 kB
out/renderer/assets/github-dark-high-contrast-D7xFf888.js             14.59 kB │ gzip:     3.07 kB │ map:     19.84 kB
out/renderer/assets/gnuplot-CxqTSBKA.js                               14.77 kB │ gzip:     3.27 kB │ map:     20.80 kB
out/renderer/assets/gnuplot-eNhxFCTN.js                               14.77 kB │ gzip:     3.27 kB │ map:     20.78 kB
out/renderer/assets/time-gft-VthV.js                                  14.92 kB │ gzip:     4.81 kB │ map:     62.47 kB
out/renderer/assets/rust-8og_KurO.js                                  15.06 kB │ gzip:     2.71 kB │ map:     21.42 kB
out/renderer/assets/rust-DRvLyd6C.js                                  15.06 kB │ gzip:     2.71 kB │ map:     21.44 kB
out/renderer/assets/kusto-Bn0EQumY.js                                 15.16 kB │ gzip:     3.93 kB │ map:     19.60 kB
out/renderer/assets/kusto-C35spR0w.js                                 15.16 kB │ gzip:     3.92 kB │ map:     19.58 kB
out/renderer/assets/actionscript-3-CQ3yDL6w.js                        15.19 kB │ gzip:     2.67 kB │ map:     21.43 kB
out/renderer/assets/actionscript-3-DPq53fLJ.js                        15.19 kB │ gzip:     2.67 kB │ map:     21.41 kB
out/renderer/assets/nix-CZAF5w05.js                                   15.50 kB │ gzip:     2.47 kB │ map:     22.81 kB
out/renderer/assets/nix-D_K6nZwO.js                                   15.50 kB │ gzip:     2.47 kB │ map:     22.85 kB
out/renderer/assets/lua-BTwmYheC.js                                   15.58 kB │ gzip:     3.18 kB │ map:     22.08 kB
out/renderer/assets/lua-BavLT7Bf.js                                   15.58 kB │ gzip:     3.18 kB │ map:     22.10 kB
out/renderer/assets/abap-DXPfmVa0.js                                  15.84 kB │ gzip:     5.93 kB │ map:     18.82 kB
out/renderer/assets/abap-h7j1m441.js                                  15.84 kB │ gzip:     5.93 kB │ map:     18.80 kB
out/renderer/assets/StudioExternalChat-6d-OaonI.js                    15.92 kB │ gzip:     6.18 kB │ map:     55.60 kB
out/renderer/assets/solidity-Ddu0_b2v.js                              16.06 kB │ gzip:     3.09 kB │ map:     23.41 kB
out/renderer/assets/solidity-EtVoz9Js.js                              16.06 kB │ gzip:     3.09 kB │ map:     23.43 kB
out/renderer/assets/matlab-DAxFb8g5.js                                16.07 kB │ gzip:     3.06 kB │ map:     23.35 kB
out/renderer/assets/matlab-vAABphER.js                                16.07 kB │ gzip:     3.06 kB │ map:     23.33 kB
out/renderer/assets/cue-BUW1GQPQ.js                                   16.19 kB │ gzip:     2.04 kB │ map:     23.75 kB
out/renderer/assets/cue-C9yg_opG.js                                   16.19 kB │ gzip:     2.04 kB │ map:     23.77 kB
out/renderer/assets/elixir-DRYigqFh.js                                16.26 kB │ gzip:     2.76 kB │ map:     23.10 kB
out/renderer/assets/elixir-OD2FgFTH.js                                16.26 kB │ gzip:     2.76 kB │ map:     23.12 kB
out/renderer/assets/odin-BZ0D6JUR.js                                  16.50 kB │ gzip:     2.92 kB │ map:     23.76 kB
out/renderer/assets/odin-BkIdqWvk.js                                  16.50 kB │ gzip:     2.92 kB │ map:     23.78 kB
out/renderer/assets/ts-tags-Ds44QS-f.js                               16.54 kB │ gzip:     2.05 kB │ map:     24.42 kB
out/renderer/assets/pptx-preview-viewer-DnAXTlf4.js                   16.71 kB │ gzip:     6.11 kB │ map:     59.27 kB
out/renderer/assets/esm-BSiIOgvV.js                                   16.95 kB │ gzip:     5.13 kB │ map:     53.29 kB
out/renderer/assets/bird2-D-d0F5vq.js                                 16.96 kB │ gzip:     3.84 kB │ map:     23.21 kB
out/renderer/assets/kanagawa-wave-Bi-Q6qwa.js                         17.12 kB │ gzip:     2.90 kB │ map:     22.24 kB
out/renderer/assets/kanagawa-wave-yaxXwCah.js                         17.12 kB │ gzip:     2.90 kB │ map:     22.26 kB
out/renderer/assets/kanagawa-lotus-C-qPGtsM.js                        17.12 kB │ gzip:     2.90 kB │ map:     22.27 kB
out/renderer/assets/kanagawa-lotus-e5OzAXvl.js                        17.12 kB │ gzip:     2.90 kB │ map:     22.25 kB
out/renderer/assets/kanagawa-dragon-Blh_O4tC.js                       17.12 kB │ gzip:     2.92 kB │ map:     22.25 kB
out/renderer/assets/kanagawa-dragon-ZTQlC_tP.js                       17.12 kB │ gzip:     2.92 kB │ map:     22.27 kB
out/renderer/assets/ishikawaDiagram-UXIWVN3A-LfbTVkVh.js              17.30 kB │ gzip:     6.51 kB │ map:     57.98 kB
out/renderer/assets/move-CiIDywTm.js                                  17.49 kB │ gzip:     3.06 kB │ map:     26.25 kB
out/renderer/assets/move-DsHsUTJa.js                                  17.49 kB │ gzip:     3.06 kB │ map:     26.23 kB
out/renderer/assets/chunk-5PVQY5BW-CDV328nS.js                        17.92 kB │ gzip:     6.60 kB │ map:     78.99 kB
out/renderer/assets/graphql-B1qfLG0n.js                               18.07 kB │ gzip:     2.53 kB │ map:     25.42 kB
out/renderer/assets/graphql-DdUy4Kr6.js                               18.07 kB │ gzip:     2.53 kB │ map:     25.44 kB
out/renderer/assets/liquid-BU8R41Vw.js                                18.10 kB │ gzip:     3.14 kB │ map:     25.21 kB
out/renderer/assets/liquid-Bf7WTwFs.js                                18.10 kB │ gzip:     3.14 kB │ map:     25.19 kB
out/renderer/assets/svelte-BH2fJdZY.js                                18.24 kB │ gzip:     3.14 kB │ map:     25.71 kB
out/renderer/assets/svelte-CcrcKKov.js                                18.24 kB │ gzip:     3.14 kB │ map:     25.69 kB
out/renderer/assets/material-theme-DY59bsIs.js                        18.61 kB │ gzip:     3.10 kB │ map:     24.08 kB
out/renderer/assets/material-theme-zoKYn4cq.js                        18.61 kB │ gzip:     3.10 kB │ map:     24.10 kB
out/renderer/assets/material-theme-darker-CGQHwC0U.js                 18.62 kB │ gzip:     3.10 kB │ map:     24.12 kB
out/renderer/assets/material-theme-darker-DHqicbqn.js                 18.62 kB │ gzip:     3.10 kB │ map:     24.14 kB
out/renderer/assets/material-theme-ocean-CRxg4Rx9.js                  18.62 kB │ gzip:     3.12 kB │ map:     24.12 kB
out/renderer/assets/material-theme-ocean-DTZL8DuY.js                  18.62 kB │ gzip:     3.12 kB │ map:     24.13 kB
out/renderer/assets/material-theme-lighter-D6Srh-26.js                18.63 kB │ gzip:     3.10 kB │ map:     24.15 kB
out/renderer/assets/material-theme-lighter-DfGrEqFf.js                18.63 kB │ gzip:     3.10 kB │ map:     24.13 kB
out/renderer/assets/material-theme-palenight-B2n1C-Ok.js              18.63 kB │ gzip:     3.11 kB │ map:     24.13 kB
out/renderer/assets/material-theme-palenight-By_fuh_n.js              18.63 kB │ gzip:     3.11 kB │ map:     24.15 kB
out/renderer/assets/gdscript-B4Rhp33n.js                              18.98 kB │ gzip:     3.75 kB │ map:     26.22 kB
out/renderer/assets/gdscript-BfGkHI3E.js                              18.98 kB │ gzip:     3.75 kB │ map:     26.23 kB
out/renderer/assets/groovy-4Cr92Axs.js                                19.17 kB │ gzip:     3.59 kB │ map:     27.48 kB
out/renderer/assets/groovy-CMTmFjMP.js                                19.17 kB │ gzip:     3.59 kB │ map:     27.50 kB
out/renderer/assets/mdc-DV81HfpL.js                                   19.54 kB │ gzip:     6.66 kB │ map:     23.05 kB
out/renderer/assets/mdc-IurKm4eW.js                                   19.54 kB │ gzip:     6.66 kB │ map:     23.07 kB
out/renderer/assets/sankeyDiagram-XADWPNL6-DKf4eI_U.js                19.90 kB │ gzip:     7.15 kB │ map:     71.15 kB
out/renderer/assets/ayu-dark-BWBnlVxK.js                              20.07 kB │ gzip:     3.93 kB │ map:     27.03 kB
out/renderer/assets/ayu-dark-Bb21qjTH.js                              20.07 kB │ gzip:     3.93 kB │ map:     27.01 kB
out/renderer/assets/ayu-mirage-DS7s3_TU.js                            20.08 kB │ gzip:     3.91 kB │ map:     27.04 kB
out/renderer/assets/ayu-mirage-DmjAdO1i.js                            20.08 kB │ gzip:     3.91 kB │ map:     27.02 kB
out/renderer/assets/glimmer-js-COQrQdiU.js                            20.08 kB │ gzip:     2.94 kB │ map:     28.58 kB
out/renderer/assets/glimmer-js-SnU_x35k.js                            20.08 kB │ gzip:     2.94 kB │ map:     28.56 kB
out/renderer/assets/glimmer-ts-D-chpduT.js                            20.08 kB │ gzip:     2.93 kB │ map:     28.56 kB
out/renderer/assets/glimmer-ts-D0eqtxOw.js                            20.08 kB │ gzip:     2.93 kB │ map:     28.58 kB
out/renderer/assets/powershell-Cwtwd16w.js                            20.14 kB │ gzip:     4.05 kB │ map:     26.57 kB
out/renderer/assets/powershell-DOdo_AfI.js                            20.14 kB │ gzip:     4.05 kB │ map:     26.55 kB
out/renderer/assets/ayu-light-DU4wJzjF.js                             20.14 kB │ gzip:     3.89 kB │ map:     27.11 kB
out/renderer/assets/ayu-light-DuLw1zlH.js                             20.14 kB │ gzip:     3.89 kB │ map:     27.09 kB
out/renderer/assets/kanban-definition-6JOO6SKY-KAG8JpdF.js            20.22 kB │ gzip:     7.13 kB │ map:     63.72 kB
out/renderer/assets/viml-CqE4utKq.js                                  20.35 kB │ gzip:     6.73 kB │ map:     23.46 kB
out/renderer/assets/viml-DD3jUGTB.js                                  20.35 kB │ gzip:     6.73 kB │ map:     23.48 kB
out/renderer/assets/nushell-BF6DTSWW.js                               20.40 kB │ gzip:     5.21 kB │ map:     27.64 kB
out/renderer/assets/nushell-CA4bvdCI.js                               20.40 kB │ gzip:     5.21 kB │ map:     27.62 kB
out/renderer/assets/AppUsageModelUsagePieChart-CfKpV8-f.js            20.66 kB │ gzip:     6.60 kB │ map:     75.70 kB
out/renderer/assets/snazzy-light-BkqPA-at.js                          20.77 kB │ gzip:     3.80 kB │ map:     27.98 kB
out/renderer/assets/snazzy-light-Dz402H1k.js                          20.77 kB │ gzip:     3.80 kB │ map:     27.99 kB
out/renderer/assets/twig-CkTw1uYy.js                                  20.90 kB │ gzip:     3.66 kB │ map:     29.20 kB
out/renderer/assets/twig-hLKyLHMi.js                                  20.90 kB │ gzip:     3.66 kB │ map:     29.18 kB
out/renderer/assets/dracula-C7ZKKhqb.js                               21.06 kB │ gzip:     3.99 kB │ map:     27.48 kB
out/renderer/assets/dracula-CuIBouiM.js                               21.06 kB │ gzip:     3.99 kB │ map:     27.46 kB
out/renderer/assets/dracula-soft-BPi5Nvdp.js                          21.07 kB │ gzip:     4.02 kB │ map:     27.49 kB
out/renderer/assets/dracula-soft-CBKAWIPY.js                          21.07 kB │ gzip:     4.02 kB │ map:     27.51 kB
out/renderer/assets/wit-8Wz2g8jr.js                                   21.46 kB │ gzip:     2.87 kB │ map:     30.06 kB
out/renderer/assets/wit-CzSSAIVr.js                                   21.46 kB │ gzip:     2.87 kB │ map:     30.08 kB
out/renderer/assets/rose-pine-C12Ck35w.js                             21.74 kB │ gzip:     3.86 kB │ map:     28.75 kB
out/renderer/assets/rose-pine-DWrvNxjU.js                             21.74 kB │ gzip:     3.86 kB │ map:     28.73 kB
out/renderer/assets/rose-pine-moon-C6K-fpm1.js                        21.75 kB │ gzip:     3.87 kB │ map:     28.78 kB
out/renderer/assets/rose-pine-moon-CB8dCne5.js                        21.75 kB │ gzip:     3.87 kB │ map:     28.76 kB
out/renderer/assets/rose-pine-dawn-CSw6Wv06.js                        21.75 kB │ gzip:     3.88 kB │ map:     28.78 kB
out/renderer/assets/rose-pine-dawn-D6tKroyN.js                        21.75 kB │ gzip:     3.88 kB │ map:     28.76 kB
out/renderer/assets/index-BNCoaP2S.js                                 21.85 kB │ gzip:     6.55 kB │ map:     60.87 kB
out/renderer/assets/nim-BYftSPYP.js                                   22.45 kB │ gzip:     3.15 kB │ map:     32.73 kB
out/renderer/assets/nim-DxwuPraa.js                                   22.45 kB │ gzip:     3.15 kB │ map:     32.71 kB
out/renderer/assets/common-lisp-C-rQctpB.js                           22.57 kB │ gzip:     6.07 kB │ map:     26.66 kB
out/renderer/assets/common-lisp-D-6Gh2yy.js                           22.57 kB │ gzip:     6.07 kB │ map:     26.64 kB
out/renderer/assets/surrealql-DLr7l37w.js                             22.58 kB │ gzip:     4.31 kB │ map:     32.43 kB
out/renderer/assets/surrealql-gWtyLXSD.js                             22.58 kB │ gzip:     4.31 kB │ map:     32.44 kB
out/renderer/assets/gruvbox-dark-hard-Bt088dnv.js                     22.63 kB │ gzip:     4.15 kB │ map:     30.53 kB
out/renderer/assets/gruvbox-dark-hard-i3rMQqMm.js                     22.63 kB │ gzip:     4.15 kB │ map:     30.55 kB
out/renderer/assets/gruvbox-dark-soft-BRG0CJHD.js                     22.63 kB │ gzip:     4.15 kB │ map:     30.55 kB
out/renderer/assets/gruvbox-dark-soft-CZ7XGYTe.js                     22.63 kB │ gzip:     4.15 kB │ map:     30.53 kB
out/renderer/assets/gruvbox-light-hard-BIEeZVRh.js                    22.63 kB │ gzip:     4.16 kB │ map:     30.55 kB
out/renderer/assets/gruvbox-light-hard-D4IdSGXn.js                    22.63 kB │ gzip:     4.16 kB │ map:     30.53 kB
out/renderer/assets/gruvbox-light-soft-BlKAWE3l.js                    22.63 kB │ gzip:     4.16 kB │ map:     30.53 kB
out/renderer/assets/gruvbox-light-soft-DqQUzW7f.js                    22.63 kB │ gzip:     4.16 kB │ map:     30.55 kB
out/renderer/assets/gruvbox-dark-medium-C1HeBPhC.js                   22.63 kB │ gzip:     4.15 kB │ map:     30.54 kB
out/renderer/assets/gruvbox-dark-medium-zOmoQrtw.js                   22.63 kB │ gzip:     4.15 kB │ map:     30.56 kB
out/renderer/assets/gruvbox-light-medium-BGKtCsXK.js                  22.63 kB │ gzip:     4.16 kB │ map:     30.54 kB
out/renderer/assets/gruvbox-light-medium-BuB1W2sT.js                  22.63 kB │ gzip:     4.16 kB │ map:     30.56 kB
out/renderer/assets/bird2-W9Wydan-.js                                 22.93 kB │ gzip:     4.65 kB │ map:     31.01 kB
out/renderer/assets/journeyDiagram-VCZTEJTY-BToW4EmW.js               23.16 kB │ gzip:     8.15 kB │ map:     74.00 kB
out/renderer/assets/sql-CQct-nn4.js                                   23.46 kB │ gzip:     7.48 kB │ map:     27.87 kB
out/renderer/assets/sql-DqL3EwqE.js                                   23.46 kB │ gzip:     7.48 kB │ map:     27.89 kB
out/renderer/assets/mindmap-definition-QFDTVHPH-p2nAQKAl.js           23.65 kB │ gzip:     8.06 kB │ map:     72.81 kB
out/renderer/assets/cadence-BdT67PPc.js                               23.66 kB │ gzip:     3.65 kB │ map:     33.56 kB
out/renderer/assets/cadence-DPpJ8_SR.js                               23.66 kB │ gzip:     3.65 kB │ map:     33.54 kB
out/renderer/assets/wardleyDiagram-NUSXRM2D-DJqGg7dI.js               23.87 kB │ gzip:     6.29 kB │ map:     72.93 kB
out/renderer/assets/typespec-BWeBS7vb.js                              24.01 kB │ gzip:     2.58 kB │ map:     33.42 kB
out/renderer/assets/astro-Bi8PDahE.js                                 24.02 kB │ gzip:     7.59 kB │ map:     29.10 kB
out/renderer/assets/astro-CjWfK-JW.js                                 24.02 kB │ gzip:     7.59 kB │ map:     29.12 kB
out/renderer/assets/apl-CHjaONn6.js                                   24.02 kB │ gzip:     4.16 kB │ map:     33.31 kB
out/renderer/assets/apl-DA7tFq_Y.js                                   24.02 kB │ gzip:     4.16 kB │ map:     33.29 kB
out/renderer/assets/templ-BnZK9G-I.js                                 24.06 kB │ gzip:     5.41 kB │ map:     30.85 kB
out/renderer/assets/templ-Di2F4wXe.js                                 24.06 kB │ gzip:     5.41 kB │ map:     30.87 kB
out/renderer/assets/angular-html-D7Bhb6fZ.js                          24.23 kB │ gzip:     3.98 kB │ map:     35.55 kB
out/renderer/assets/angular-html-DJAg7a03.js                          24.23 kB │ gzip:     3.98 kB │ map:     35.46 kB
out/renderer/assets/vhdl-BSF6_ZuA.js                                  24.25 kB │ gzip:     3.86 kB │ map:     33.34 kB
out/renderer/assets/vhdl-D3AtXyEG.js                                  24.25 kB │ gzip:     3.86 kB │ map:     33.36 kB
out/renderer/assets/vue-BRBCmQUz.js                                   24.48 kB │ gzip:     2.95 kB │ map:     36.52 kB
out/renderer/assets/vue-Buu6NQen.js                                   24.48 kB │ gzip:     2.96 kB │ map:     36.62 kB
out/renderer/assets/purescript-ADPmXFkc.js                            24.67 kB │ gzip:     3.24 kB │ map:     34.86 kB
out/renderer/assets/purescript-DkruWrlf.js                            24.67 kB │ gzip:     3.24 kB │ map:     34.85 kB
out/renderer/assets/typespec-CxmB_TmP.js                              25.03 kB │ gzip:     2.62 kB │ map:     34.65 kB
out/renderer/assets/one-light-BRM-iNO5.js                             25.29 kB │ gzip:     3.63 kB │ map:     33.78 kB
out/renderer/assets/one-light-Cds7kwAQ.js                             25.29 kB │ gzip:     3.63 kB │ map:     33.76 kB
out/renderer/assets/fsharp-CGuFqjl6.js                                25.30 kB │ gzip:     4.12 kB │ map:     35.82 kB
out/renderer/assets/fsharp-Ct8LIYZJ.js                                25.30 kB │ gzip:     4.12 kB │ map:     35.84 kB
out/renderer/assets/marko-4qYYt6vv.js                                 25.48 kB │ gzip:     3.59 kB │ map:     35.79 kB
out/renderer/assets/marko-Cllpybxz.js                                 25.48 kB │ gzip:     3.59 kB │ map:     35.81 kB
out/renderer/assets/c3-C2mIm36P.js                                    25.62 kB │ gzip:     3.85 kB │ map:     37.14 kB
out/renderer/assets/c3-Cabext-H.js                                    25.62 kB │ gzip:     3.85 kB │ map:     37.16 kB
out/renderer/assets/night-owl-light-BMP_lDbR.js                       25.89 kB │ gzip:     4.23 kB │ map:     35.11 kB
out/renderer/assets/night-owl-light-bytIvGv_.js                       25.89 kB │ gzip:     4.23 kB │ map:     35.13 kB
out/renderer/assets/StudioTimeline-8Vxzm1VQ.js                        26.05 kB │ gzip:     9.33 kB │ map:     86.08 kB
out/renderer/assets/system-verilog-C95NjbPk.js                        26.19 kB │ gzip:     4.82 kB │ map:     36.22 kB
out/renderer/assets/system-verilog-CiKgRyB7.js                        26.19 kB │ gzip:     4.82 kB │ map:     36.24 kB
out/renderer/assets/nord-DFxtYBVc.js                                  26.72 kB │ gzip:     4.35 kB │ map:     35.31 kB
out/renderer/assets/nord-K-YVT9hy.js                                  26.72 kB │ gzip:     4.35 kB │ map:     35.33 kB
out/renderer/assets/erDiagram-SMLLAGMA-dYlnHqP6.js                    26.81 kB │ gzip:     9.33 kB │ map:     85.01 kB
out/renderer/assets/codeql-CzGJdKdT.js                                26.87 kB │ gzip:     3.79 kB │ map:     35.97 kB
out/renderer/assets/codeql-KLPE99PC.js                                26.87 kB │ gzip:     3.79 kB │ map:     35.99 kB
out/renderer/assets/rough.esm-DKRO8IF-.js                             27.10 kB │ gzip:     8.85 kB │ map:     71.32 kB
out/renderer/assets/bundle-mjs-C0n69oW5.js                            27.25 kB │ gzip:     8.67 kB │ map:    139.70 kB
out/renderer/assets/scss-DdPNfIt9.js                                  27.25 kB │ gzip:     4.22 kB │ map:     38.31 kB
out/renderer/assets/scss-DnQHLlvZ.js                                  27.25 kB │ gzip:     4.22 kB │ map:     38.29 kB
out/renderer/assets/java-XVQFzd4m.js                                  27.27 kB │ gzip:     4.30 kB │ map:     38.60 kB
out/renderer/assets/java-pqGmKjdu.js                                  27.27 kB │ gzip:     4.30 kB │ map:     38.59 kB
out/renderer/assets/usePlatform-BVD6Gbq4.js                           27.27 kB │ gzip:     9.77 kB │ map:    132.09 kB
out/renderer/assets/coffee-1Z1cmkl4.js                                27.42 kB │ gzip:     6.35 kB │ map:     36.06 kB
out/renderer/assets/coffee-CT7nJPNQ.js                                27.42 kB │ gzip:     6.35 kB │ map:     36.04 kB
out/renderer/assets/razor-9rTq36F2.js                                 27.45 kB │ gzip:     3.54 kB │ map:     38.26 kB
out/renderer/assets/razor-DCjNazXZ.js                                 27.45 kB │ gzip:     3.54 kB │ map:     38.28 kB
out/renderer/assets/scala-_9Pr5mdz.js                                 28.87 kB │ gzip:     3.92 kB │ map:     40.09 kB
out/renderer/assets/scala-sbML-WhN.js                                 28.87 kB │ gzip:     3.92 kB │ map:     40.07 kB
out/renderer/assets/night-owl-BEh-Jsz4.js                             28.91 kB │ gzip:     5.14 kB │ map:     39.03 kB
out/renderer/assets/night-owl-CUHPLcfd.js                             28.91 kB │ gzip:     5.14 kB │ map:     39.01 kB
out/renderer/assets/gitGraphDiagram-UUTBAWPF-ABrJEwko.js              28.97 kB │ gzip:     8.52 kB │ map:    109.56 kB
out/renderer/assets/duke_sheets_wasm-BSUMhz58.js                      28.98 kB │ gzip:     6.59 kB │ map:    108.85 kB
out/renderer/assets/pierre-dark-CsXww-Df.js                           29.34 kB │ gzip:     4.51 kB │ map:     32.87 kB
out/renderer/assets/pierre-light-GHQvB0w2.js                          29.34 kB │ gzip:     4.48 kB │ map:     32.87 kB
out/renderer/assets/crystal-Bbmv6AoC.js                               29.41 kB │ gzip:     4.44 kB │ map:     41.15 kB
out/renderer/assets/crystal-DGADIUZb.js                               29.41 kB │ gzip:     4.44 kB │ map:     41.13 kB
out/renderer/assets/mermaid-C-B4d0Fc.js                               29.50 kB │ gzip:     3.64 kB │ map:     44.09 kB
out/renderer/assets/mermaid-DVh-YxIq.js                               29.50 kB │ gzip:     3.64 kB │ map:     44.07 kB
out/renderer/assets/applescript-BJnCt6qC.js                           29.56 kB │ gzip:     5.94 kB │ map:     39.32 kB
out/renderer/assets/applescript-CilFGXKb.js                           29.56 kB │ gzip:     5.94 kB │ map:     39.30 kB
out/renderer/assets/timeline-definition-GMOUNBTQ-Dv-Y4CMc.js          30.39 kB │ gzip:     9.95 kB │ map:     99.34 kB
out/renderer/assets/dagre-CinI2NPl.js                                 30.42 kB │ gzip:    10.94 kB │ map:    186.34 kB
out/renderer/assets/StudioGroupsPage-B2B0u_vS.js                      30.50 kB │ gzip:     8.61 kB │ map:     92.43 kB
out/renderer/assets/StudioCreationPage-BVb0r2UO.js                    30.61 kB │ gzip:     9.01 kB │ map:    102.25 kB
out/renderer/assets/whiteboardStore--iLurS_0.js                       30.74 kB │ gzip:     8.83 kB │ map:    167.44 kB
out/renderer/assets/requirementDiagram-MS252O5E-Kb4NH2FL.js           30.96 kB │ gzip:     9.76 kB │ map:     94.18 kB
out/renderer/assets/julia-DDD-HLoK.js                                 30.99 kB │ gzip:     4.30 kB │ map:     40.52 kB
out/renderer/assets/julia-DXi3CCo_.js                                 30.99 kB │ gzip:     4.30 kB │ map:     40.50 kB
out/renderer/assets/stylus-BuswPaiM.js                                31.06 kB │ gzip:     8.01 kB │ map:     38.83 kB
out/renderer/assets/stylus-DEc5PWec.js                                31.06 kB │ gzip:     8.01 kB │ map:     38.85 kB
out/renderer/assets/quadrantDiagram-34T5L4WZ-BiOPeEvk.js              33.34 kB │ gzip:     9.70 kB │ map:    104.27 kB
out/renderer/assets/poimandres-BaDCda76.js                            33.49 kB │ gzip:     5.49 kB │ map:     43.02 kB
out/renderer/assets/poimandres-C5v-HqBa.js                            33.49 kB │ gzip:     5.49 kB │ map:     43.04 kB
out/renderer/assets/chunk-ENJZ2VHE-B-UJhTsP.js                        33.51 kB │ gzip:     7.09 kB │ map:     94.67 kB
out/renderer/assets/one-dark-pro-7ws7W0GA.js                          33.78 kB │ gzip:     5.50 kB │ map:     44.46 kB
out/renderer/assets/one-dark-pro-DhLvM6s7.js                          33.78 kB │ gzip:     5.50 kB │ map:     44.48 kB
out/renderer/assets/bsl-CWlJYaGG.js                                   33.86 kB │ gzip:     8.34 kB │ map:     37.58 kB
out/renderer/assets/bsl-IjdILyHW.js                                   33.86 kB │ gzip:     8.34 kB │ map:     37.56 kB
out/renderer/assets/haxe-CGf2M31K.js                                  35.15 kB │ gzip:     5.90 kB │ map:     49.49 kB
out/renderer/assets/haxe-DocrLXLy.js                                  35.15 kB │ gzip:     5.90 kB │ map:     49.48 kB
out/renderer/assets/nginx-C0NhTXt-.js                                 35.35 kB │ gzip:     4.45 kB │ map:     48.45 kB
out/renderer/assets/nginx-DuCn1Bf1.js                                 35.35 kB │ gzip:     4.45 kB │ map:     48.43 kB
out/renderer/assets/houston-CY9k0YBr.js                               35.41 kB │ gzip:     5.76 kB │ map:     46.35 kB
out/renderer/assets/houston-aXMrEk0z.js                               35.41 kB │ gzip:     5.76 kB │ map:     46.37 kB
out/renderer/assets/tokyo-night-B-072bja.js                           35.66 kB │ gzip:     6.22 kB │ map:     45.30 kB
out/renderer/assets/tokyo-night-CP03-BBf.js                           35.66 kB │ gzip:     6.22 kB │ map:     45.32 kB
out/renderer/assets/ArtifactChartView-CJPvGc-Q.js                     35.86 kB │ gzip:    10.76 kB │ map:    151.24 kB
out/renderer/assets/chunk-OYMX7WX6-DPJKXo4J.js                        36.59 kB │ gzip:    11.80 kB │ map:    115.48 kB
out/renderer/assets/erlang-C4mJn-x4.js                                37.47 kB │ gzip:     4.36 kB │ map:     51.51 kB
out/renderer/assets/erlang-CnpmbeNP.js                                37.47 kB │ gzip:     4.36 kB │ map:     51.53 kB
out/renderer/assets/xychartDiagram-5P7HB3ND-cPpc0xWp.js               38.76 kB │ gzip:    10.72 kB │ map:    121.16 kB
out/renderer/assets/cobol-VbWlkS2Y.js                                 39.07 kB │ gzip:    10.88 kB │ map:     47.30 kB
out/renderer/assets/cobol-QaSdVCIF.js                                 39.09 kB │ gzip:    10.89 kB │ map:     47.35 kB
out/renderer/assets/knorviaLucide.generated-B7zsWU_-.js               39.77 kB │ gzip:    15.30 kB │ map:    127.62 kB
out/renderer/assets/vennDiagram-DHZGUBPP-iaLBJiLa.js                  40.62 kB │ gzip:    14.90 kB │ map:    171.05 kB
out/renderer/assets/asm-QZmdTF2e.js                                   40.71 kB │ gzip:     8.16 kB │ map:     52.97 kB
out/renderer/assets/asm-gl4aP43Q.js                                   40.71 kB │ gzip:     8.16 kB │ map:     52.96 kB
out/renderer/assets/haskell-CDTZZGlh.js                               41.48 kB │ gzip:     6.41 kB │ map:     57.82 kB
out/renderer/assets/haskell-QorbfLbt.js                               41.48 kB │ gzip:     6.41 kB │ map:     57.81 kB
out/renderer/assets/shellscript-DQuxDoL5.js                           41.53 kB │ gzip:     6.12 kB │ map:     56.49 kB
out/renderer/assets/shellscript-ThbYtidf.js                           41.53 kB │ gzip:     6.12 kB │ map:     56.48 kB
out/renderer/assets/chunk-XPW4576I-D6YMgTni.js                        41.85 kB │ gzip:    14.22 kB │ map:    147.73 kB
out/renderer/assets/perl-C6FMNK2U.js                                  43.14 kB │ gzip:     4.64 kB │ map:     60.70 kB
out/renderer/assets/perl-DDOSd_Jn.js                                  43.14 kB │ gzip:     4.64 kB │ map:     60.72 kB
out/renderer/assets/d-B46cUMk6.js                                     43.78 kB │ gzip:     8.43 kB │ map:     62.65 kB
out/renderer/assets/d-DdMT8ie1.js                                     43.78 kB │ gzip:     8.43 kB │ map:     62.67 kB
out/renderer/assets/CartesianChart-BBQA-mUJ.js                        44.69 kB │ gzip:    11.78 kB │ map:    178.53 kB
out/renderer/assets/ruby-CXXXB7Kh.js                                  45.83 kB │ gzip:     5.55 kB │ map:     65.27 kB
out/renderer/assets/ruby-CH0RUWi9.js                                  46.60 kB │ gzip:     5.71 kB │ map:     66.14 kB
out/renderer/assets/go-DWzMoBrU.js                                    46.80 kB │ gzip:     5.15 kB │ map:     66.57 kB
out/renderer/assets/go-BTgmJaIu.js                                    46.81 kB │ gzip:     5.14 kB │ map:     66.56 kB
out/renderer/assets/chunk-4TB4RGXK-DaZDIUYL.js                        46.88 kB │ gzip:    15.12 kB │ map:    138.06 kB
out/renderer/assets/apex-BDaEDAGr.js                                  46.97 kB │ gzip:     6.72 kB │ map:     65.67 kB
out/renderer/assets/apex-u--ApUkL.js                                  46.97 kB │ gzip:     6.72 kB │ map:     65.69 kB
out/renderer/assets/catppuccin-mocha-C7P4WQHu.js                      47.25 kB │ gzip:     7.98 kB │ map:     61.98 kB
out/renderer/assets/catppuccin-mocha-FNB47ZGp.js                      47.25 kB │ gzip:     7.98 kB │ map:     61.99 kB
out/renderer/assets/catppuccin-latte-7QTSpvar.js                      47.25 kB │ gzip:     7.98 kB │ map:     61.98 kB
out/renderer/assets/catppuccin-latte-CdAfRXAp.js                      47.25 kB │ gzip:     7.98 kB │ map:     62.00 kB
out/renderer/assets/catppuccin-frappe-COSqby_H.js                     47.25 kB │ gzip:     7.99 kB │ map:     61.98 kB
out/renderer/assets/catppuccin-frappe-ClR1qyel.js                     47.25 kB │ gzip:     7.99 kB │ map:     62.00 kB
out/renderer/assets/catppuccin-macchiato-BUCQX31o.js                  47.26 kB │ gzip:     7.99 kB │ map:     62.00 kB
out/renderer/assets/catppuccin-macchiato-DFYJRfdj.js                  47.26 kB │ gzip:     7.99 kB │ map:     62.01 kB
out/renderer/assets/src-B3NFwR8v.js                                   47.44 kB │ gzip:    15.83 kB │ map:    190.97 kB
out/renderer/assets/ada-CKqBPQUZ.js                                   48.07 kB │ gzip:     5.96 kB │ map:     70.94 kB
out/renderer/assets/ada-Dw0FB7bm.js                                   48.07 kB │ gzip:     5.96 kB │ map:     70.92 kB
out/renderer/assets/css-CHdCDB13.js                                   49.07 kB │ gzip:    11.94 kB │ map:     60.60 kB
out/renderer/assets/css-BJlqn-57.js                                   49.09 kB │ gzip:    11.95 kB │ map:     60.60 kB
out/renderer/assets/imba-C0NB61VJ.js                                  49.92 kB │ gzip:     9.47 kB │ map:     68.04 kB
out/renderer/assets/imba-D7BH9adw.js                                  49.92 kB │ gzip:     9.47 kB │ map:     68.06 kB
out/renderer/assets/chunk-U2HBQHQK-DSwiUlnE.js                        52.52 kB │ gzip:    17.14 kB │ map:    132.10 kB
out/renderer/assets/everforest-dark-BPqQ8tVA.js                       53.74 kB │ gzip:     8.37 kB │ map:     68.22 kB
out/renderer/assets/everforest-dark-CK98TJ0q.js                       53.74 kB │ gzip:     8.37 kB │ map:     68.24 kB
out/renderer/assets/everforest-light-BV2BxaSb.js                      53.74 kB │ gzip:     8.36 kB │ map:     68.25 kB
out/renderer/assets/everforest-light-ClqvM65i.js                      53.74 kB │ gzip:     8.36 kB │ map:     68.23 kB
out/renderer/assets/ganttDiagram-T4ZO3ILL-COAxUxuy.js                 54.44 kB │ gzip:    18.20 kB │ map:    163.46 kB
out/renderer/assets/wikitext-DQrVDnLh.js                              55.87 kB │ gzip:     4.81 kB │ map:     77.61 kB
out/renderer/assets/wikitext-bGERL46C.js                              55.87 kB │ gzip:     4.81 kB │ map:     77.59 kB
out/renderer/assets/stata-ChW0bRq5.js                                 56.99 kB │ gzip:    12.39 kB │ map:     74.15 kB
out/renderer/assets/stata-DGV29WRA.js                                 56.99 kB │ gzip:    12.39 kB │ map:     74.13 kB
out/renderer/assets/html-BSua937g.js                                  57.31 kB │ gzip:    11.78 kB │ map:     72.95 kB
out/renderer/assets/html-DMRtgD4I.js                                  57.31 kB │ gzip:    11.78 kB │ map:     72.97 kB
out/renderer/assets/ballerina-C6TUDfrG.js                             58.68 kB │ gzip:     8.10 kB │ map:     81.51 kB
out/renderer/assets/ballerina-DEeGpnVG.js                             58.68 kB │ gzip:     8.10 kB │ map:     81.49 kB
out/renderer/assets/markdown-2qUN05Zh.js                              59.32 kB │ gzip:     5.66 kB │ map:     82.28 kB
out/renderer/assets/markdown-DuOOcY8R.js                              59.32 kB │ gzip:     5.66 kB │ map:     82.30 kB
out/renderer/assets/flowDiagram-DWJPFMVM-CErnsFy6.js                  60.22 kB │ gzip:    19.52 kB │ map:    180.37 kB
out/renderer/assets/ocaml-DV6-hh4e.js                                 62.44 kB │ gzip:     5.04 kB │ map:     81.08 kB
out/renderer/assets/ocaml-HFk2wQfl.js                                 62.44 kB │ gzip:     5.04 kB │ map:     81.06 kB
out/renderer/assets/c4Diagram-AHTNJAMY-D6YuWUc4.js                    69.17 kB │ gzip:    19.33 kB │ map:    191.40 kB
out/renderer/assets/mojo-DAsSHvUP.js                                  69.79 kB │ gzip:     9.21 kB │ map:     94.91 kB
out/renderer/assets/mojo-apyOi34n.js                                  69.79 kB │ gzip:     9.21 kB │ map:     94.89 kB
out/renderer/assets/blockDiagram-DXYQGD6D-Bs6QPMkC.js                 69.90 kB │ gzip:    19.67 kB │ map:    228.24 kB
out/renderer/assets/python-CODp7upB.js                                69.94 kB │ gzip:     9.09 kB │ map:     95.19 kB
out/renderer/assets/python-CUnL4AkM.js                                69.94 kB │ gzip:     9.09 kB │ map:     95.21 kB
out/renderer/assets/c-CngwtJH6.js                                     72.16 kB │ gzip:    10.55 kB │ map:     95.36 kB
out/renderer/assets/c-DdqgXf7Y.js                                     72.16 kB │ gzip:    10.55 kB │ map:     95.34 kB
out/renderer/assets/latex-DNxRTFV_.js                                 72.61 kB │ gzip:     6.68 kB │ map:    100.53 kB
out/renderer/assets/latex-Dmg_6JKu.js                                 72.61 kB │ gzip:     6.68 kB │ map:    100.55 kB
out/renderer/assets/vyper-D8zUIrx4.js                                 74.64 kB │ gzip:    10.69 kB │ map:    100.66 kB
out/renderer/assets/vyper-Do1bCoDh.js                                 74.64 kB │ gzip:    10.69 kB │ map:    100.68 kB
out/renderer/assets/hack-B-Kmu0gu.js                                  80.18 kB │ gzip:    26.27 kB │ map:     97.28 kB
out/renderer/assets/hack-CB4Ltb13.js                                  80.18 kB │ gzip:    26.27 kB │ map:     97.26 kB
out/renderer/assets/cose-bilkent-S5V4N54A-GnC2nKwE.js                 81.39 kB │ gzip:    21.56 kB │ map:    285.22 kB
out/renderer/assets/swift-Bi2gaecC.js                                 86.68 kB │ gzip:    14.69 kB │ map:    114.47 kB
out/renderer/assets/swift-BmpTznK1.js                                 86.68 kB │ gzip:    14.69 kB │ map:    114.49 kB
out/renderer/assets/fortran-free-form-BY9hkNz2.js                     88.96 kB │ gzip:    11.18 kB │ map:    124.03 kB
out/renderer/assets/fortran-free-form-h3cDKWX7.js                     88.96 kB │ gzip:    11.18 kB │ map:    124.01 kB
out/renderer/assets/csharp-BFF6-CSx.js                                89.68 kB │ gzip:    10.64 kB │ map:    125.65 kB
out/renderer/assets/csharp-BIqhugI_.js                                89.68 kB │ gzip:    10.64 kB │ map:    125.63 kB
out/renderer/assets/racket-AeySmAZN.js                                92.38 kB │ gzip:    15.07 kB │ map:    106.14 kB
out/renderer/assets/racket-Ddolb_TR.js                                92.38 kB │ gzip:    15.07 kB │ map:    106.16 kB
out/renderer/assets/less-DWgjXIUg.js                                  97.62 kB │ gzip:    14.84 kB │ map:    131.81 kB
out/renderer/assets/less-Das0VGKL.js                                  97.62 kB │ gzip:    14.84 kB │ map:    131.83 kB
out/renderer/assets/chunk-5FUZZQ4R-BXYUfNFE.js                        97.91 kB │ gzip:    23.99 kB │ map:    356.35 kB
out/renderer/assets/src-bhsv24Sd.js                                  103.70 kB │ gzip:    30.19 kB │ map:    695.30 kB
out/renderer/assets/blade-C7UUjHLO.js                                104.97 kB │ gzip:    28.30 kB │ map:    130.91 kB
out/renderer/assets/blade-Csa4-9wl.js                                104.97 kB │ gzip:    28.30 kB │ map:    130.93 kB
out/renderer/assets/objective-c-CYzeENQZ.js                          105.40 kB │ gzip:    23.63 kB │ map:    129.60 kB
out/renderer/assets/objective-c-DkEpSCBZ.js                          105.40 kB │ gzip:    23.63 kB │ map:    129.62 kB
out/renderer/assets/php-B8HZ_xRN.js                                  111.05 kB │ gzip:    28.65 kB │ map:    139.35 kB
out/renderer/assets/php-P1IdjoFP.js                                  111.31 kB │ gzip:    28.66 kB │ map:    139.69 kB
out/renderer/assets/sequenceDiagram-FGHM5R23-DQ5s-O0t.js             115.51 kB │ gzip:    30.43 kB │ map:    328.59 kB
out/renderer/assets/asciidoc-CzPU6QkQ.js                             131.52 kB │ gzip:     9.31 kB │ map:    189.08 kB
out/renderer/assets/asciidoc-DwOc2CVe.js                             131.52 kB │ gzip:     9.31 kB │ map:    189.06 kB
out/renderer/assets/mdx-COV_j5E6.js                                  136.10 kB │ gzip:    23.54 kB │ map:    176.70 kB
out/renderer/assets/mdx-DDSrOq_L.js                                  136.10 kB │ gzip:    23.54 kB │ map:    176.68 kB
out/renderer/assets/architectureDiagram-Q4EWVU46-WkX5gg8p.js         146.78 kB │ gzip:    40.23 kB │ map:    547.73 kB
out/renderer/assets/objective-cpp-CbBxTioG.js                        171.96 kB │ gzip:    30.98 kB │ map:    218.51 kB
out/renderer/assets/objective-cpp-D_JpGRBZ.js                        171.96 kB │ gzip:    30.98 kB │ map:    218.49 kB
out/renderer/assets/previewPaneOfficeDocxContent-C3Rk_-Rx.js         174.66 kB │ gzip:    50.22 kB │ map:    421.49 kB
out/renderer/assets/javascript-BKpjMM8B.js                           174.88 kB │ gzip:    16.67 kB │ map:    236.03 kB
out/renderer/assets/javascript-D5Oz3SyF.js                           174.88 kB │ gzip:    16.67 kB │ map:    236.01 kB
out/renderer/assets/tsx-BdQTLc72.js                                  175.59 kB │ gzip:    16.67 kB │ map:    236.70 kB
out/renderer/assets/tsx-JJvjuOnz.js                                  175.59 kB │ gzip:    16.67 kB │ map:    236.69 kB
out/renderer/assets/jsx-DKiYq_yv.js                                  177.84 kB │ gzip:    16.76 kB │ map:    238.94 kB
out/renderer/assets/jsx-DLFl20lr.js                                  177.84 kB │ gzip:    16.76 kB │ map:    238.96 kB
out/renderer/assets/typescript-ki9rmovy.js                           181.13 kB │ gzip:    16.28 kB │ map:    244.37 kB
out/renderer/assets/typescript-lTfTU1lB.js                           181.13 kB │ gzip:    16.28 kB │ map:    244.35 kB
out/renderer/assets/angular-ts-DAfVVR2a.js                           183.73 kB │ gzip:    16.78 kB │ map:    249.31 kB
out/renderer/assets/angular-ts-DX6icJbV.js                           183.73 kB │ gzip:    16.78 kB │ map:    249.37 kB
out/renderer/assets/vue-vine-DDUidiLF.js                             190.05 kB │ gzip:    18.07 kB │ map:    255.13 kB
out/renderer/assets/vue-vine-DrABAZwL.js                             190.05 kB │ gzip:    18.07 kB │ map:    255.11 kB
out/renderer/assets/StudioWorkflowPage-DX3sNEO9.js                   211.67 kB │ gzip:    66.43 kB │ map:    796.99 kB
out/renderer/assets/toast-C6RwwWQA.js                                212.78 kB │ gzip:    68.83 kB │ map:    951.57 kB
out/renderer/assets/chunk-ICPOFSXX-BhXzM_9u.js                       214.90 kB │ gzip:    33.82 kB │ map:    514.12 kB
out/renderer/assets/katex-O9ugdMWE.js                                257.04 kB │ gzip:    76.96 kB │ map:    922.26 kB
out/renderer/assets/chart-C0bTyQPo.js                                260.26 kB │ gzip:    77.55 kB │ map:  1,331.32 kB
out/renderer/assets/wolfram-BF5cDrS5.js                              262.38 kB │ gzip:    77.63 kB │ map:    279.61 kB
out/renderer/assets/wolfram-BNQuzHK0.js                              262.38 kB │ gzip:    77.63 kB │ map:    279.63 kB
out/renderer/assets/src-D97u3_QF.js                                  310.55 kB │ gzip:    87.80 kB │ map:  1,637.33 kB
out/renderer/assets/pdf-viewer-B5DoXHse.js                           426.87 kB │ gzip:   126.47 kB │ map:  1,354.10 kB
out/renderer/assets/cytoscape.esm-DtKOBYcw.js                        434.14 kB │ gzip:   137.50 kB │ map:  1,682.36 kB
out/renderer/assets/chunk-BO2N2NFS-BUv5zgTh.js                       448.66 kB │ gzip:   135.63 kB │ map:  1,685.51 kB
out/renderer/assets/chunk-K5T4RW27-DKu25FTk.js                       474.01 kB │ gzip:   102.05 kB │ map:  1,677.46 kB
out/renderer/assets/kernelProbeView-CtzxikSH.js                      508.23 kB │ gzip:   148.88 kB │ map:  1,754.72 kB
out/renderer/assets/wasm-BnVD84vr.js                                 622.32 kB │ gzip:   232.09 kB │ map:    622.80 kB
out/renderer/assets/wasm-WlvIRv2A.js                                 622.32 kB │ gzip:   232.09 kB │ map:    622.82 kB
out/renderer/assets/cpp-68xDPVhz.js                                  626.12 kB │ gzip:    48.09 kB │ map:    816.12 kB
out/renderer/assets/cpp-C_8D09sP.js                                  626.12 kB │ gzip:    48.09 kB │ map:    816.08 kB
out/renderer/assets/IntlProvider-C4ueQF1d.js                         707.98 kB │ gzip:   176.66 kB │ map:    989.43 kB
out/renderer/assets/emacs-lisp-DRFW9yeR.js                           779.84 kB │ gzip:   197.53 kB │ map:    789.78 kB
out/renderer/assets/emacs-lisp-Cqi1HToW.js                           779.87 kB │ gzip:   197.55 kB │ map:    789.80 kB
out/renderer/assets/useStudioRuntime-Doth8-D0.js                     873.77 kB │ gzip:   261.57 kB │ map:  3,203.90 kB
out/renderer/assets/previewPaneOfficeLegacyDocContent-_uEOkJco.js    900.64 kB │ gzip:   261.99 kB │ map:  4,062.52 kB
out/renderer/assets/pptxRendererPreviewEngine-Xu-quzQA.js          1,042.71 kB │ gzip:   328.59 kB │ map:  2,971.59 kB
out/renderer/assets/previewPaneOfficeXlsxContent-CZ1DE1tB.js       2,154.74 kB │ gzip:   697.33 kB │ map:  7,239.14 kB
out/renderer/assets/rendererAppearance-DpDC6DGp.js                 3,492.61 kB │ gzip:   991.05 kB │ map: 12,309.78 kB

✓ built in 11.05s
[plugin builtin:vite-reporter] 
(!) Some chunks are larger than 500 kB after minification. Consider:
- Using dynamic import() to code-split the application
- Use build.rolldownOptions.output.codeSplitting to improve chunking: https://rolldown.rs/reference/OutputOptions.codeSplitting
- Adjust chunk size limit for this warning via build.chunkSizeWarningLimit.
