component	path	bytes	sha256	git_blob	publisher_tree_verified	result
brotli	c/common/constants.c	621	d3bc1f0582e0f9f4f506518b3d1696510669cd6695b036eb72f4c53d6fb3f7fd	89866b150503c6a97bcb064c1839c4a38f505c48	false	retrieved
brotli	c/common/context.c	7965	ecad01b8542ea42f0f58408cd73ceb2aa24feb814ba2f8c2ace6bb173a8179be	7f9c95869917b3c00ad222b7cb19eee135d0f3fb	false	retrieved
brotli	c/common/dictionary.c	472009	03e47c2060c511144045e1cedc0174a8ae076941aaa8060ac3a65bcb33ab392b	7c015ab0ba73b3b19196c2dc52fb322b0589af08	false	retrieved
brotli	c/common/platform.c	512	8ebefea82392140320e958b21fed517ad7428535c937085ee8d1a4eb20e2290a	acdc452f292bb3ccd001a4f51a084f54b5e7d1a3	false	retrieved
brotli	c/common/shared_dictionary.c	17304	442345022ae01ede176d228ede9de040aa7bf8f7e1651f4bb9125ba11947f892	3ca40c0698f4d153ce769112fda80df1474c56f7	false	retrieved
brotli	c/common/transform.c	10677	9f91d725dd2e6cbfd886ece385bed079edd2288a610031384f985dba38839486	49455fc496f022f26b101fc2865dcea691fb7f9e	false	retrieved
brotli	c/dec/bit_reader.c	2260	4d65c5d47b38fe6d3eca79d036a7757a661b16ead0a8b386cd41016375940f70	3dc848b7dcc1505ddf45ad98c569b45ff767f0a8	false	retrieved
brotli	c/dec/decode.c	101072	c19593be8b613314453bb714cf547550072515f43bda993241d40bfe5830f296	41166f9aac191d5b2d1164d2299d164643f57b70	false	retrieved
brotli	c/dec/huffman.c	11916	a90880cf590b092305721df60549c6f3b35e744d03e78f41e7616a32b459b3c7	8f127d7b6f7b9d06f3da3dc38096ecd3117fe47e	false	retrieved
brotli	c/dec/state.c	5121	a15727c29b45f8a7cd1cf2d27cc4898a417ace121084dfd2ff078e6954c52c9f	e3170c1386982d41d29f919ff40ff8781e4405b4	false	retrieved
expat	expat/lib/ascii.h	3682	42f8b392c70366743eacbc60ce021389ccaa333598dd49eef6ee5c93698ca205	1f594d2e54b4d299b734945d14b5ddd1c8f72d99	false	retrieved
expat	expat/lib/asciitab.h	3520	1cc0ae749019fc0e488cd1cf245f6beaa6d4f7c55a1fc797e5aa40a408bc266b	af766fb24785ea327deeb4bc1ac1879a79c7b490	false	retrieved
expat	expat/lib/expat.h	44733	d20997001462356b5ce3810ebf5256c8205f58462c64f21eb9bf80f8d1822b08	6c7c41869277256a64707f6ebfc8ed22d4a26e46	false	retrieved
expat	expat/lib/expat_external.h	6138	f60c50a9d2bc5303526bc4a2f9f67fff6ae74626f1185cefc450d66e19523f06	080a59b7859949a686460df318ad3a2eb5f03679	false	retrieved
expat	expat/lib/iasciitab.h	3590	ad8b01e9f323cc4208bcd22241df383d7e8641fe3c8b3415aa513de82531f89f	5d8646f2a318b8ab818c607892638785c443a89a	false	retrieved
expat	expat/lib/internal.h	7224	c803935722f0dbdeeede7f040028fb119135e96dfad949479f8a5304b885bdd6	61266ebb7723d159a26b9ca0893054a709ee8286	false	retrieved
expat	expat/lib/latin1tab.h	3573	eab66226da100372e01e42e1cbcd8ac2bbbb5c1b5f95d735289cc85c7a8fc2ba	b681d278af6569b9b6d2b73bc795e09226d4f314	false	retrieved
expat	expat/lib/nametab.h	9044	67dcf415d37a4b692a6a8bb46f990c02d83f2ef3d01a65cd61c8594a084246f2	63485446b96727227c67f10c062a3bbb7b76f0f4	false	retrieved
expat	expat/lib/siphash.h	13014	f537add526ecda8389503b7ef45fb52b6217e4dc171dcc3a8dc6903ff6134726	04f6f74585b5a2f39ef275e2175079725c5a7a70	false	retrieved
expat	expat/lib/utf8tab.h	3522	8cd26bd461d334d5e1caedb3af4518d401749f2fc66d56208542b29085159c18	88efcf91cc16a6c98ea48aa2276d4a061c1e6020	false	retrieved
expat	expat/lib/winconfig.h	2038	e70948500d34dfcba4e9f0b305319dfe2a937c7cbfb687905128b56e1a6f8b33	05805514ec7fa219bae5e90602806e2bbbef1abd	false	retrieved
expat	expat/lib/xmlparse.c	310861	f10913473608204f9ed35c38151dc4d4ab9d55c686e8b38fafa095bc0b99b404	7cf504d68182b7e9a1fa623f0c24427076352f25	false	retrieved
expat	expat/lib/xmlrole.c	35512	5b81f0eb0e144b611dbd1bc9e6037075a16bff94f823d57a81eb2a3e4999e91a	d56bee82dd2d13fe0913078336d9a4efe5c1423a	false	retrieved
expat	expat/lib/xmlrole.h	4457	92e41f373b67f6e0dcd7735faef3c3f1e2c17fe59e007e6b74beef6a2e70fa88	9d0d4ff11b7f98227aac9bc751b6d491d9d44037	false	retrieved
expat	expat/lib/xmltok.c	54395	0ad3f915f2748dc91bf4e4b4a50cf40bf2c95769d0eca7e3b293a230d82bb779	32cd5f147e9322685e5f174c86132bb7c9009b8b	false	retrieved
expat	expat/lib/xmltok.h				false	HTTP Error 429: Too Many Requests
expat	expat/lib/xmltok_impl.h	3430	f05ad4fe5e98429a7349ff04f57192cac58c324601f2a2e5e697ab0bc05d36d5	3469c4ae138c95a68143536c9052637d939f1a0d	false	retrieved
freetype	include/freetype/config/ftheader.h	23919	0b099b85a787ef6a20774dad096bb74e6cbb89e244f198baad8b135709123d0b	24a9161e2f113e3eb78afb6ca12719f696da5605	true	retrieved
freetype	include/freetype/config/integer-types.h	7450	0aeaf74f638d1584ccae37f580076a7ac24ef89049749839c3c90dcdda148d5b	4ab4c0c78bd34e3eacc66bb0ac27aa5b9cbc889d	true	retrieved
freetype	include/freetype/config/public-macros.h	4240	7557630cb407f98fbc003300c507ae444b0f7449cab99d80c13f5c343710d06e	c76509a99f7f784390e7895683779b78d3c3fbb4	true	retrieved
freetype	include/freetype/freetype.h	177129	953fc63557031d8c11fcfe3859f350ef5390cabee12bca51487eaea302aff955	2960cba634112d1a02e17daf8880be559ca178c6	true	retrieved
freetype	include/freetype/ftadvanc.h	5470	6f0c22af9c16eb0459736db8c60e27269db6b774addd196a845e417c851d3813	876a8a55cb9fc233b0807aff69e1a62acee3cc1a	true	retrieved
freetype	include/freetype/ftbbox.h	2638	4389ec87328ba568415fe4919b9399ff38fa766956b0940e494fbccd1427a6da	0107d94986bcc137709c27dfc7acb315750b04dc	true	retrieved
freetype	include/freetype/ftbdf.h	5654	d394c0d427d75efbb04ee06d55e2793bfab969d6ca94dba9f743707b109adbcd	fb1f318648612c4eba7c08e697b8442882d5457a	true	retrieved
freetype	include/freetype/ftbitmap.h	9051	92b63e93b151d96fd985cfaba4ec60e47204bbc922f3bee82412ae2fc426fb03	1df5f29aca1ab769611b4d4c30a64022015a5dcc	true	retrieved
freetype	include/freetype/ftcolor.h	50791	217af290dc25ceba7b77ed62bf7710e17d6396d6a20438072ab3a0685f4b2137	1cce747115731210c0f866cc037ad812d70a8961	true	retrieved
freetype	include/freetype/ftdriver.h	50570	459e4688340c8fc66545768e360b7fa126a4939c8de33d729181ca23572cf695	39635f86c3ecce552d76141d9af12a2acd72b155	true	retrieved
freetype	include/freetype/fterrdef.h	12559	376e05cbda2fe270031ef19722c6f9d76b9c4c444ff9e0e9c97cf9e3a016111f	ce3817e55df3ac42a72fcb5b5662830294fda97f	true	retrieved
freetype	include/freetype/fterrors.h	9301	a7547172143ce6309f89492b47ab0e6e69c7fb7f7caa8c81635811fd42673050	218c4610e21800220ef5d7588768eb1d3691e22d	true	retrieved
freetype	include/freetype/ftfntfmt.h	2213	54f23d9c103f0c485e837ea1a9db5f0736372b7d781d1adafb8cff6aa950d4d1	2ea0c5f4d708a2cde24fe3d81f969cd10c04c6da	true	retrieved
freetype	include/freetype/ftgasp.h	4138	a1453a8faeba8845c7b35bcdbbfc43afcc51bfaea89470f813e344a5c9fb06af	632b536b471a25d84e26f4f816a200b269e0182d	true	retrieved
freetype	include/freetype/ftglyph.h	20912	79a94788388fee750f7cb1deac0c2dfe23d6a6232f29eb9bc056ca4d5a74f137	e967110e81eb7e0c0d1046536611df0dc84b6ce4	true	retrieved
freetype	include/freetype/ftgzip.h	4211	75f54dfef82233d9a9a1f9d4b4560a258b052784aff9859137cc232f468805df	f0c1550f61d36112612183e6a49912a5f57112c8	true	retrieved
freetype	include/freetype/ftimage.h	42337	30fb302298e418986d12107f856aca8f6e290cf88fe51b6186171ca21a65d824	1fff76b20d9172c9aca351705754add55800345a	true	retrieved
freetype	include/freetype/ftincrem.h	10696	073a9dd3b7585989ee68540b3688a1e11bbd3498dd8210809b0869529861df05	32637fe5af02e2ae1b1e5c41124ef72e4fe81baa	true	retrieved
freetype	include/freetype/ftlcdfil.h	11257	462073b97096be0c7e485d802fee6e6046f1aa36050c14f7771c31b99bab30fa	72dbe2acccbb5df2ee78c51668d70d19f4ee4896	true	retrieved
freetype	include/freetype/ftlist.h	7100	fea6f521193148308630725ae5de0ec736c135910704239967c541c8ab3e0cd1	74b3ffaee9f14b122a5361bfccf81ffded054995	true	retrieved
freetype	include/freetype/ftlogging.h	4130	3c353c71c09de36f847cdc209f6e7d92dd92304b1d11c1d8d7300d439a24ef88	1670b12caf51a2d0f8f7c2954c7b240a68a2492d	true	retrieved
freetype	include/freetype/ftmac.h	7771	4203c770c57d3f09ea16e1dd6535da3a1bda62673cb9bedaacab90ac4b736bad	a3ed7fba6f735a477816f04f235278b978e43617	true	retrieved
freetype	include/freetype/ftmm.h	27783	5d134d486b89d9a3dbaa54e581168be3868d04951c1ec3260542d852a14dddb1	fb239bda1223a48bae5f4cf8aa982b426df97adc	true	retrieved
freetype	include/freetype/ftmodapi.h	22544	1e526ff1f741cce96bf8d5e935bd9f1ba8db4afdd5c76f387ac54964b25d3fde	7af33e33afee787703a7462b6921a9f4bae608ef	true	retrieved
freetype	include/freetype/ftmoderr.h	6675	b9f667a0487217b12de1390cbf08622aae39966d1ef7c0578cfdd44d7328ddb9	7c1b1fd3c040ba8d1b8fbd78085dac8209ff63ad	true	retrieved
freetype	include/freetype/ftoutln.h	17403	db0585ea338debdb9b721adc5f6d138ec7f88df30ff44cf6fb3cac79a70982f8	68cf65bae15973c543756f342567d8b2e7d60ec4	true	retrieved
freetype	include/freetype/ftparams.h	5847	4db8f53c9b62aa5adfd2f89877a96c522198e9a780402be7aafba9fdace5f485	3f6af8681f3b64cd9f552f3c63017905bc0445b5	true	retrieved
freetype	include/freetype/ftrender.h	6625	9579d3d9ff09e98ee09a49c8588d97a910c8fe698fe465a3f33965921fea77ec	292c797cce587776c5c54b1a3dd1cfc9977765b2	true	retrieved
freetype	include/freetype/ftsizes.h	4288	2afecd7a4dabbf89e9f76d373829b4e8e70a5c593ecccb7646e190c47a2b398e	f609eb2d76a705329d6ab1356f227a8766ae8536	true	retrieved
freetype	include/freetype/ftsnames.h	7730	621faad855dfd4cc5e9a90b5a4554b706767653c5c2d41acd1b03d2e118b52dd	f5511495f048cdb089bd9f5934e4d40754e4c6e8	true	retrieved
freetype	include/freetype/ftstroke.h	21773	ba4ed8f81ac66e9e6a2cdf772b69da02a0085fc5576cd233e4da661c6fb1967c	c7f1d4643f04a2de62869e0061e02ea374f5045e	true	retrieved
freetype	include/freetype/ftsynth.h	4483	f75aa75f8cb754c37db6ac16e1c9648997e06d280d8b28490d502838e6c649ca	90b4b19c25f88ba673eb6b6c739fb5b64e2adc72	true	retrieved
freetype	include/freetype/ftsystem.h	8502	9a41ef1877a9f5f7e5debbf0d701bd393e53e2ae36fb6c34faebf26b8cbc43f2	2ad3d7286dc776518cbd617fdba8fd3800dd6a6e	true	retrieved
freetype	include/freetype/fttrigon.h	7411	924526c9b662973f64eb5b4f5034ae897684cb08b9cca7262aba097e49471ade	ebedc3a8d1ebb13c9377716104750727d4e17227	true	retrieved
freetype	include/freetype/fttypes.h	14735	27663e885fdb62982c221cbe1dba3e2f0d2730f5aa54aec333613bc60e05d1fe	97ddcde65aa61660303138952ac60deaf37a07b5	true	retrieved
freetype	include/freetype/ftwinfnt.h	7949	a2d77ef372f2c874d61179687b71a2d034e1d51430266c46ec0854593d02b779	b95cad0a42209bf8de551e560f01a0ee11080dc1	true	retrieved
freetype	include/freetype/internal/autohint.h	7498	c7cbbc5a3ef63736dd7b8a297bc95067fe978a10bb969a984a8692f805bbc783	a22d8af7cd98b61d9aad6f59e08250b3dc3f35d5	true	retrieved
freetype	include/freetype/internal/cffotypes.h	2354	f5ef8ae6a20dbf92f84e28201e038054f353513ab23c6092d2901378615d8cb8	8d6acbce7acbdb7911fa6bba086e061b0df9c220	true	retrieved
freetype	include/freetype/internal/cfftypes.h	11866	c563db1545cf8c323b5e414a606c727f7c8d040c168d24abaacdcf05dd2ac0c4	d474dcf40ea75cc8453e994a050e76af80961c91	true	retrieved
freetype	include/freetype/internal/compiler-macros.h	11532	7f34bf9a86ee998fe285edfcf8e509070b10cec0ca1b08e53f4e01811ba63cef	4863d6de75e89722595ce1ef35234f4788846332	true	retrieved
freetype	include/freetype/internal/ftcalc.h	12767	496ec9f724ca74a604c5363bd3f133a51d1b47053fbf5a710a018d6a1928e173	4c4943164a381ae4852ed0b0fa6bd800a2bf02ef	true	retrieved
freetype	include/freetype/internal/ftdebug.h	13332	b7d2d9f85ebf5a97c453ea6fa4dcf4325b9d3d6a3274d7ae62ede99eb207005f	62b9ec2f79c7308f65e0a547d0065ec17410da9b	true	retrieved
freetype	include/freetype/internal/ftdrv.h	9214	39efd6b6062cbde9c6d5e149e113de54eaacc84ddfe72d41b609d1aa1da3d4ab	d52fc84f0fd926df3771388c1030dc9fe6c5d795	true	retrieved
freetype	include/freetype/internal/ftgloadr.h	4504	326623def7d16cd7886459edc1843934cd134783df43741805d39448b8d37b20	902135e460cde79b973bbd3e3ff967b35dc6ebdd	true	retrieved
freetype	include/freetype/internal/fthash.h	4055	023d88d49d29ecf3833db7717a3f7ae223c17ec2012bdb5bf33bb67abaf616c4	642d21e21c6afb73b0d1bdd50c8a78c98af9810b	true	retrieved
freetype	include/freetype/internal/ftmemory.h	16123	90ba879c7384948c4323767d368b5660be4c33104a7699e7c1ce0e983ec5b7ac	ca840cb510be169caab470f94586e768cb653e34	true	retrieved
freetype	include/freetype/internal/ftmmtypes.h	3003	b131a8d4c3bed0438bbb47a5dab5020e43a152157de667552e751f4e98a35754	a4db9c487b75f323b5585187a52fa60531cee64c	true	retrieved
freetype	include/freetype/internal/ftobjs.h	41951	236d0e8a235ef1958917a7350f14320380a4b95aaf8d1299928419aaff15a74c	4fa4991dd88c4bf7121b2c7308a3218728cb8510	true	retrieved
freetype	include/freetype/internal/ftpsprop.h	1130	1213d6141efeaa743e1c566634cd6788f4c12cb48164fd089fb793e721c41a71	5967199a3bc9026967ec675b098311878c664e0b	true	retrieved
freetype	include/freetype/internal/ftrfork.h	7651	fc6edbdfeb71bcfcfea4e5bde0bdd3014fa56a4db8b01c1f178d931810ace640	d0bb6b5bb0022019b5e8d21426363e4ec2acd886	true	retrieved
freetype	include/freetype/internal/ftserv.h	24053	0d53a4e5a4df8bb3b70578f8792b75850880af5a4a39351ffa93e3f0b8cf0d5a	9c6406c82d8a642495046b62d2f535a564455e56	true	retrieved
freetype	include/freetype/internal/ftstream.h	23230	5e35712114b18e457c3b71852c1224b2356da5a28adb0cb29a9f8a34e60a7d3c	d60cd481c893fe7d3ff7c2b6fa5bf73b2e4f0a77	true	retrieved
freetype	include/freetype/internal/fttrace.h	6012	22cab82cf50eefa8f3d083e91932b2674109a32104775a42d278172a634d0008	798896cd0c82aca6d5c923cc83a8605e54ecee54	true	retrieved
freetype	include/freetype/internal/ftvalid.h	5762	69705440b3c104ea033de8e1fda0226ec523f09f4962561cfdc180605f6324f1	fbcf2c63efafe8d7de217d86bc517bd226a61446	true	retrieved
freetype	include/freetype/internal/psaux.h	43936	5396fe79bd2c279afcdd594d3fff88ea5962bb6779109539529a305d17dc0d3c	ee574fef11b1ad9fba14ae561c97f7f8a7fe9dd4	true	retrieved
freetype	include/freetype/internal/pshints.h	20852	a1edc1691574dcd73c7ecbbe4f40b62fc2e1f94ee57df02a1396aac8bb51a5f5	e7adcd380587d5139c6d8fd0c599b7380f959766	true	retrieved
freetype	include/freetype/internal/services/svbdf.h	1731	528d9a5af7583623303c01323fe50657d62ee972f46b938e76794abe4488c6f6	52212cc7a2b8d7bee9241ceb42ce07e0bd1a5a2d	true	retrieved
freetype	include/freetype/internal/services/svcfftl.h	2832	3aecb7a51cec4a84d3f0c29dd70f563cb476e5e0e1e232f074e42f9a3f341bb8	ab29dede537e9d8833609baa25efd478e7722e53	true	retrieved
freetype	include/freetype/internal/services/svcid.h	2124	03874b78ef7b68eed4cdcb82998e0bb132d37a3e814850ab0db14932a8fef375	9063211ee01773fc57a0103575627d9d4e389030	true	retrieved
freetype	include/freetype/internal/services/svfntfmt.h	1348	73ee1f29f28443ea4ab462cd1b49766c465e1ea3068b6f6cc043f48a8d87cdcf	770381da67a1e93e53b1289fd257809f9205326c	true	retrieved
freetype	include/freetype/internal/services/svgldict.h	1865	2677a537aa796ba2ec1b527ae961a13aba894317e7e326f5e574c529d5ebd9ac	6020f9f78a6eb52d563b166e8bc9af4c2252f7de	true	retrieved
freetype	include/freetype/internal/services/svkern.h	1080	2aabbe2772f776141e9438bb02937ffc9752fac52061d00a4cadbee65741d589	7a06a01e8f019cc3a4fe2b0f97fa9605de9d3373	true	retrieved
freetype	include/freetype/internal/services/svmetric.h	3992	5acdbc81e44aa670bffdc6b9dd68549ffe1db1bba819d249a2c2c23650a9ab56	b6559d2b1ad33b2bbb368a65c3659791360aec0d	true	retrieved
freetype	include/freetype/internal/services/svmm.h	8962	277b2fa598f61b5b28b419fdd6b178c38b1ac853aff75f6ca7b448964beaaf15	fd851dba120f7c965bd06c7875d2d47b016de65c	true	retrieved
freetype	include/freetype/internal/services/svpostnm.h	1571	ae626264be5339bdb7a56bba21ec8b9ef5954c6d77f47e4deda472ba30479908	d99f4f681ef43085d5227aaee75a288638766435	true	retrieved
freetype	include/freetype/internal/services/svprop.h	1677	62d5a32b261d8e1c2fc72328a0b13fa642f5db824b9398d54c0f7f61897ceffc	b6cba4c7f42bbf163d5969cf7b75bd54a17928e0	true	retrieved
freetype	include/freetype/internal/services/svpscmap.h	4272	a151bf86f9c1348cf5727b7fe4ca86287cd354753edc236e5a99b118d511d14f	310eb53f33301ce15ebc5b5931ece4a9842c8e82	true	retrieved
freetype	include/freetype/internal/services/svpsinfo.h	2469	4f66de51efed7884e7f911f485e601cc370c7c9c2d7503a59511862ccc118b7d	78725a48fa5dab363e5d3daea2b84de821f6795b	true	retrieved
freetype	include/freetype/internal/services/svsfnt.h	2079	19c44d5979d323009b496bfe5acc59210b4c985e0dc73d1239bda1b2284f7794	0ce5aca13761a221386b0b2065440e425213c78c	true	retrieved
freetype	include/freetype/internal/services/svttcmap.h	2397	03f84fd4b573f6bb8399e669f1fa019271cd8362494709ca01d90464eb0dc859	14921304ebfc4aa57c1e8f320c9991d5023089cb	true	retrieved
freetype	include/freetype/internal/services/svtteng.h	1007	760880d0ec32640bdce34fbd4dae0096a240bf61a04027f53a992cc24fa10cd5	d4a9bab6ded8f429a3b893d029a5b3546304e9c9	true	retrieved
freetype	include/freetype/internal/services/svttglyf.h	1251	4e984a4c0f82e071205e7d8463f9edfac1a90c26081a2884aa6721c1155d0615	528238024baa71292ce162ca4b3a5eb5db509038	true	retrieved
freetype	include/freetype/internal/services/svwinfnt.h	1017	d48058b0fe7eebe2b63050a040016077665d8b7ffe2a61a783b1806b366b0549	e5a3a6649b6fbbb684ba3d503bd6d26112f3fdf5	true	retrieved
freetype	include/freetype/internal/sfnt.h	32700	df4a2d4943af91457c66ffbd9f4f13a8e0e2adb4c5d98980b24a604d50312fc8	cc1ac7a6e4cf23561b8546f9efcd691eb770b924	true	retrieved
freetype	include/freetype/internal/svginterface.h	1041	23c235b3912995227a2c30e2903489aaf84c7ec337a9781244f31b90952eb4db	3a4ca314ddb2ea061e337b46f1ab9eb5657ffdd3	true	retrieved
freetype	include/freetype/internal/t1types.h	9563	15c1a26b6538acc65fa7214d2514e827454c439851d802c277d40eabbbe9bd91	e39076f19563198b060ff9a3f10fe0f91046f29e	true	retrieved
freetype	include/freetype/internal/tttypes.h	51663	d6e41389fbfd3981570b60ea1f0f5bffa25874d94d9f2753529ee9931df893e3	65341a3a259ec42e967b688f419f39106c83af8e	true	retrieved
freetype	include/freetype/internal/wofftypes.h	8010	eb43a2ad0a51d36f9f894bc7079d5a816ca0ac13eacaa7dccf620599db6e56ac	b8ef95e27aada7a0295f73e688fca736f0a3a05b	true	retrieved
freetype	include/freetype/otsvg.h	10457	3f7b2484cf4980c5dfb568e8f57b687d3add3b7cc499054f46164ca6d2690e53	42330a703b0285aad808f4121a7b321fc6092fe1	true	retrieved
freetype	include/freetype/t1tables.h	21529	3bf63affe3fd88daa017ee7fcd894e37e961be9abdcd168b39a328ad3e6db3ba	badfdf40762dfafa1d9e86d5515498788cd5d550	true	retrieved
freetype	include/freetype/ttnameid.h	58815	0ed46b4adcb95ea9ece1ba92dbd8be9044fa438c9f88f7bdd08fc38d4dd7b007	3d813ddc0be13641a7c01946650dd912967f17a0	true	retrieved
freetype	include/freetype/tttables.h	25422	7fd1ce25de661e802dbff67ad5e9927bcdef1730527a5d453120586f13698280	a2ec304483a509926e28192e74bcd77856139b17	true	retrieved
freetype	include/freetype/tttags.h	5145	7ded67566c32f76903938b53dc849c97cc1c2f25abe14357f7258928df4c3f1f	3be3e2ff9055b638ae5e1eb46d034e7af81fc20d	true	retrieved
freetype	include/ft2build.h	990	1e8028d455a85db4dd19b2019a721d56409f802c2223e78ab5199c22f8b33397	ffbf4a1e6ad1549b783c4351e42ca8d5ef014bb8	true	retrieved
freetype	src/autofit/afadjust.c	59138	44e9fbb2d6dd2f05bb7742dfcdd236d0a5617ed98ef362ebf2cb12ca6d1b7028	6940baf68cc3152c2f0a9f1cae66ea016b194b4c	true	retrieved
freetype	src/autofit/afadjust.h	5078	1bb4ecb0bf2a21c3b043902f95f1532804cad0ec3cad12dbed1dc5dfc27823a0	85dbfaad29e0222792235c0f950853c09e73ce4d	true	retrieved
freetype	src/autofit/afblue.c	77328	16ed687694c4c31a29a3fe8e2732e210774b200cc633be8cf9cb70b50c109f80	77c8389ec7fe60835777db2a7ba5d1990930c314	true	retrieved
freetype	src/autofit/afblue.h	17056	fb5cd1dda3def04abc79671b6425939f0b4297e63aaf521bc842d61eecbe70c7	f124eedee4d171f8ae10932e5b4c31f60ccdd3b4	true	retrieved
freetype	src/autofit/afcjk.c	66588	5f25e4c8381f75eba0bc77e659cf62c8835b43c83cdc5e12ec9587d3fabff51f	7a1cc32c9d46d7e1d8734698f04815ca2b67f2c2	true	retrieved
freetype	src/autofit/afcjk.h	4215	af5d118aa7637c865f6f823d2b8c9763fed9fbc947d16f055725aa8720b6ee09	98681868a85e6f0c3bc97bd5ae30c7b4f60b6c2f	true	retrieved
freetype	src/autofit/afcover.h	3159	bbdafe724fec3477bfb3f7f008fb531f10802227dfb65ae3d5c0b401a6ccd8a9	d60e0050bece2aa73b5fcfe7308a660029c1dcc5	true	retrieved
freetype	src/autofit/afdummy.c	2160	19471e7015b5a30a251996fc2fdae006930cb1bc3df2e005f048a0a52911591c	f9d1dd38dba42aae0a39414b9731bdf218ca7476	true	retrieved
freetype	src/autofit/afdummy.h	877	3fdca1894152210a9e268186033ff2b59bc1727baf512a889bf53cb32940eca5	14546b1e50e2775593f959e20d4fe436833014f2	true	retrieved
freetype	src/autofit/aferrors.h	984	54be3c1462f9a1636a11e2bef204eaa522c000015f96fc28be550a470bdb864a	3d7538ba2d885381560279c205e0d25771df4d90	true	retrieved
freetype	src/autofit/afglobal.c	14304	3fe113873f7c73fb28ce91cac05fde304bb730e7529c0f07e9ffb8cbaf9ad187	ff6903cc174aa7fe271d7f04bfbc9066613c8576	true	retrieved
freetype	src/autofit/afglobal.h	5520	a6aedac1187d3d38a57858d7d8270f70758190b818d5b87e78405df55ac53bbe	c4dd93358398a0474dde9500f6844e891b73fa60	true	retrieved
freetype	src/autofit/afgsub.c	15970	ff686554842121375170e56b35bdfc7aef4b2b4188a88b918aa02e2a41e5d5bf	af7b0f679824932cda46efc8e9fcebf1f18a38a5	true	retrieved
freetype	src/autofit/afgsub.h	901	bf852daeefb3b8f686b786c716562622a7d5377ad81f5cd0c7a3793e9e7da155	10884f9236e09f72a4051200d7e4c46d3d567f7b	true	retrieved
freetype	src/autofit/afhints.c	47927	f5e40683ebc49661679a254f64066a6e34f2a165d9cd9e18a87226846f045196	376912a5d1217e288190b1f9291375a095d805ce	true	retrieved
freetype	src/autofit/afhints.h	16428	1efd0ff9c7b110097598510834ccc6a721ed9bfcb434b0c2f42f932e25eb1e28	84244d6f5c70be9349ab99bd3984df4becbdf2da	true	retrieved
freetype	src/autofit/afindic.c	4719	554e25a2a329bed7e5570b63357f43ec74e38b3bd455cba5c5eea5e17517de24	29b6d22ed650ab8aaaf82797c7ffc3f622442340	true	retrieved
freetype	src/autofit/afindic.h	840	653db1a786ec97c7437fee306ed6f5cf69de9beae04f2f442920744600b648ec	df4892a9f1ce28759d4fba36d947152403c6c168	true	retrieved
freetype	src/autofit/aflatin.c	160703	9bd536011905234a7e99044c710efc294c1da3e05cd20dc3e943ab6b690fc682	73addf28eb4286c54fd0ac81b0ee7c2101f2c174	true	retrieved
freetype	src/autofit/aflatin.h	7408	02f973545981ff89066a8a5a382c0588eff0b54f7648e95999d4b8c17bfe930c	b6bdc5177f7f987b6fb4ba816cae4eb8a318add5	true	retrieved
freetype	src/autofit/afloader.c	24174	ba8bbf5ae52538474336cd000fadfdaab1ae5ae22c5ea3ccef199a7a9be574f6	8ac7b53856bcfef47fcf0985ca88cc70b3caf6ef	true	retrieved
freetype	src/autofit/afloader.h	2269	8a93cd0c31fd5ece8d3b6ebe24e10a857a426ead708f921eb6669720c1850723	8efd0fd57e9976cb0397ed6c686e867212d06b5b	true	retrieved
freetype	src/autofit/afmodule.c	14279	db16e28f1c56213fe41e79ef0fa4d42ea59611b4dc8e0b8384260483d4d850b3	57d5d47dfbda2ed2b999ac65c8a803e3c2d2f8f2	true	retrieved
freetype	src/autofit/afmodule.h	1349	5dc89036dcdcece016b168cc745636109042c11132adbc8d5c80155f9b24eb3c	1f8a68122d3bcf121713a1398cb2060fb6eb7c4e	true	retrieved
freetype	src/autofit/afranges.c	37170	f2acb2b19bb5960a484b455459a76b469c997734b94e5260e7bd19fd5214f0c5	4d0755decb202857794c3c13c98994bdf059d984	true	retrieved
freetype	src/autofit/afranges.h	1083	8d4cb4f9837430487a434d8c39af6155ce11152bfe6f1cbd75d9816db16a0262	f29369451286be69ad51d9cdaaa7f4bccc3a1a45	true	retrieved
freetype	src/autofit/afscript.h	11464	c623bcd6176627184808fe171e7d3d515a0e3335be594823c6720fd0714be5b9	d071ed68b7e5a0f603e7fed288a92fee4ece7f48	true	retrieved
freetype	src/autofit/afshaper.c	23309	8736862aa348a2c71f53e4f72d623fe48e7ff0d2ce930a7fa928d37dffe3e86a	5c9e5376ad054256249c4f873549e40341d8e901	true	retrieved
freetype	src/autofit/afshaper.h	1677	488f041a008b44a1b7e0ce481af06703d2b7c1e1fd746a2b0f4d9c1fee0c2ce8	6e73b9fb2ebdfa81d3a27cc5345c8a18127498a4	true	retrieved
freetype	src/autofit/afstyles.h	15087	d409ff2483e005f8d8d42e1bc5713711b26bf598c3e5d65de75912649c1fdc22	e7a7fe531baac95f8c3c14b9215d47ffa92076f0	true	retrieved
freetype	src/autofit/aftypes.h	18694	eb0c1a7303f69f1dc6910a4238a1c47e41dac14c65b5f2c72b380cca4dfe76c9	a3a881eedeb0227391ad62a58025736ee6cde42b	true	retrieved
freetype	src/autofit/afws-decl.h	872	7d2550bca7d020cb9d3d88a374ad24d958cff8006f9f9cfb66dd8a1b35b3024e	ddebdcd1e785dcb799e54240429befa4dc205779	true	retrieved
freetype	src/autofit/afws-iter.h	966	adbbacecbdb3e3534218d39b596c7bcadc89cd1169b7f2a572c0d40ba752e8f4	720c2dc50c907529cf97b231821fef75baa9cd09	true	retrieved
freetype	src/autofit/autofit.c	896	d637d65131f6295238c55112c3bb05ba3bdcab456a8974c4b70eb91ed26b8385	8cd973bf147f28e452556645ffe7086d91693248	true	retrieved
freetype	src/autofit/ft-hb-decls.h	5350	ed05eec3b5657f98a0c106fa4aa2e5a4bc7f0864e5d34bd5989eee6d8b718bcf	032d4d37a5ebea9aad52de7d014313fe61572188	true	retrieved
freetype	src/autofit/ft-hb-ft.c	3315	84dd5ddff1cec222e1755b4962faf45836238dfa3a46854dabd969eb4e50f8be	05a66ad32f6790f7a5bc80a734df6452f599ef88	true	retrieved
freetype	src/autofit/ft-hb-ft.h	1371	0bf308d2062053e31aa6f9b350a37e2dac8adef0b1a82f549d73af8bc2026695	f4f1d6291ff35d5dedc92a6163332ba77db77fae	true	retrieved
freetype	src/autofit/ft-hb-types.h	4139	f106bf7cc41f52cd70907266a74a293c57bc5f71285b01c36bf198ad8b1c6234	6176622f7caa58672a72737dc633366042cdd6c3	true	retrieved
freetype	src/autofit/ft-hb.c	4492	b6fbcc6a2a7b6c291326b24de313ad21edf2c7bbfd82e6844f0c90b20802040a	ed438da6afe62f7867e35cd3887d0df5e9a4d132	true	retrieved
freetype	src/autofit/ft-hb.h	1800	e1ca76cbe0df2850f38b974dbff58f0322d19bafecc4125f52077f0c82411534	d2cc0482eb6b25c5b1ceb3592e118c0205a30770	true	retrieved
freetype	src/autofit/hb-script-list.h	19854	0627d9f6a59a8b09e562e8aeaf414300899308725350beeb50b62b8657399576	88e270d3479f13e67eb91b4dffd706a787de12ea	true	retrieved
freetype	src/base/ftadvanc.c	5496	bd1a022d326f821c6f2fda53c62ef7935ef607842433bb57a6848d6a73387fb3	6485834666624bac9dd9fc2e3085f21440ed19e6	true	retrieved
freetype	src/base/ftbase.c	1033	dc3d0ab282abd22ea0600d7bc5691fa72e4b242985efde21d455dc6168b63c42	5a5c8515982a1a39784f2c114a2abe6d183e309b	true	retrieved
freetype	src/base/ftbase.h	2651	dc052ddd0b7e5bf6160ca7bcfe21da0df97c5af3b2b36f2ef49357da928b0b05	952ac51d503aac844a883898b2ec67749f185ccb	true	retrieved
freetype	src/base/ftbbox.c	14346	f61b4b28e8d6c2735d34dda1fd16537c7097ccf6541f22dcd4ae3f6e690f4fef	4641ce27e829fe0b57e094bd871c96829e16f782	true	retrieved
freetype	src/base/ftbitmap.c	27804	6fde2b9026696e791182aff7fc8d1a3ae139c13081352e5054867ea998d2cf58	f88cbc11e6361a257e6108910f8f6b424815a10c	true	retrieved
freetype	src/base/ftcalc.c	26846	f44804bf7c62ac2027b6562cd3724eee5e08224fb5066266e3bde839fed136ff	d233dba3d6bf972835f3ad62cee4f047c1c50750	true	retrieved
freetype	src/base/ftcolor.c	3460	23d9b09c41996f3a1f57015e7cd1794a4855879f8c18023ae5351c92126a62cc	ed6b5f0599fc08c85f155dc952a46fc4242a2ce8	true	retrieved
freetype	src/base/ftdbgmem.c	23899	4f8985c711c20e3827fd71de09d4f2cfd6dd6691ae898a52856a074c6d32f312	0335f142562a31eb662b5e333e7c2b7d482232b4	true	retrieved
freetype	src/base/ftdebug.c	14105	459e81f660dc67dc5c5eac04c9b4f3159f02702bc84289966a8b9430c1cd394c	27091a557984d45dd16b7fdba05af843601934e3	true	retrieved
freetype	src/base/fterrors.c	1267	f44b2bc19fa134f3c5cade023cbe226c1027c5963f2852d8d083a83376162142	a140dab860174bd46455715ac35992b36d796d44	true	retrieved
freetype	src/base/ftfntfmt.c	1203	d0610262adf35366720ad113f3df6f370b9a09784b90456e0769a40b61fad92d	99e8c2b17dfe880f115c8411c34d8061a347e9eb	true	retrieved
freetype	src/base/ftfstype.c	1551	4c3d51a47ac665a23196995b8dec32f7fa1527c571ff09c7efa6b8597b7ff143	58d5144a9e02a2893f72f91645ab468c147e11a9	true	retrieved
freetype	src/base/ftgasp.c	1355	be881bc11e269902aa76d3453168f3ed6257e26fdf2273c2427b0e03b2caf1bd	3c13456802e6823eceba9382b1ff009b9d9b3d54	true	retrieved
freetype	src/base/ftgloadr.c	11115	66265634a5fd49d05c53f22c535f6cd8d774028ee6693babb20dde35bfcf75d4	bd66e61d1c285fa1b68780d5dcacc005950e1b6e	true	retrieved
freetype	src/base/ftglyph.c	23990	0420bd19c41022b017e232ecf5aca3b5907642bc214d57b49da3604ee8afd34e	096f4d965e87268e614a0e505b45958fc3d1defa	true	retrieved
freetype	src/base/fthash.c	8406	693e5a54b3ce30140975a94a3369dbe706eb1f280c69e80da426d39cc45b94ef	ab248ace8bd01b3680767fb5b49d7e2ed46afbb4	true	retrieved
freetype	src/base/ftinit.c	6339	a612a0b7a3c769bc7ac48b2c959b3ecd3c76d42f355c4c611455b56d473ea237	b20289316dc2ff3b6fb1a7f7e1def6e1d6392494	true	retrieved
freetype	src/base/ftlcdfil.c	4861	df5c9f2d63b207da730c3de39da2ee181ed5754523b3dc4ac55be57b3505d9a5	9adbf7518f6060163c864f1bfac9b8909dd183e8	true	retrieved
freetype	src/base/ftmac.c	31624	3cd4271a5a2f0b237721f9ad760de9a27ce9afaf6b1e034fac1831d665ea06b2	7251a4cb9621a74355425707195bcf7311360fdc	true	retrieved
freetype	src/base/ftmm.c	18518	e60bbe070f49e2cc0cf5dd46c3c4e2d4572e88621403d47bc9320b0a89e7798b	0d3bf3b77d847a2d1cab105a509ff2a3f402c50a	true	retrieved
freetype	src/base/ftobjs.c	161665	e5558a906bfef754843740c55a1110759f23c737303d092ba6fefdce2ba4bb9f	f9f64c40fec3118263cf409af8efc3c407c90863	true	retrieved
freetype	src/base/ftoutln.c	28721	e9a31e1a88398615df585a009632c5eebbc456da0e09b6f6ad6ac2965c1bc3b3	a0a1549adaaaa67112eff528b258c793d040caef	true	retrieved
freetype	src/base/ftpatent.c	1245	e6740b91751c39d81ecb7a93e0ede78ed28588254734d4bac8badb0e807435fc	3f149eb607fd52e3205d1d32350e5abec5294cd0	true	retrieved
freetype	src/base/ftpsprop.c	7500	6101a71be5e7f3f71d39c6aee5cf165ca05d5fe02270e6ac6b635a6977d95b53	13f6c5102ccddfe7b22169925fc67517b74d5fad	true	retrieved
freetype	src/base/ftrfork.c	29390	7f35f81d18d6ddabbb850685e4c1524e91e0dd9b5bb9e76dd68120e75269b6b0	fbb8ace7173a0fdbd61ff7221b6eae50633518b5	true	retrieved
freetype	src/base/ftsnames.c	4580	3ffaeb114165248cdbe25af92bee4926beb59c563941c50d4bafc7a291cc6d1c	d8274cccd4063353a64e93d9af8f9b1808ec3c5d	true	retrieved
freetype	src/base/ftstream.c	19478	438f1170e70f39cbe051d21726b6e25fd02a2ea286e72dbbaf2bf0e10e10584b	b08a1a9b6580545e66334423c4c6f226eec2bb47	true	retrieved
freetype	src/base/ftstroke.c	64875	05d6f37f5a6fc084c4aeec53dea581ad469ce6b0183acdedda86841c9e1570b3	e599ecaf46f5f6deb072cb582b90cd8c30a4b5c5	true	retrieved
freetype	src/base/ftsynth.c	5374	a9e72d6ce793c46624ac932405d60dda3ea10acc67a78a1b95de962e6a123a01	23960eda3a96a1ebf524690160118fa9af896a01	true	retrieved
freetype	src/base/ftsystem.c	8149	b545e79c8a7ceaeeeebe76dbeaffe8c9c890dab6c0db1d09d4f10febe33cf10a	be9159f6141ddb4e53efd019e5730f32da0c1dee	true	retrieved
freetype	src/base/fttrigon.c	10565	68b511c61c8370c430a1fcbf3c531e107493db33b7eb86c671d9e5b43e32dcf7	baa47eba08414b597e7ee5750b0b3f3f970c303d	true	retrieved
freetype	src/base/fttype1.c	3047	efc840f6803e3ae71c1e1677ad562c1122d7568965a507a6dd50e7cb03cddb94	f9a46801f3ce30ae2139b9fe811fb74cd447237f	true	retrieved
freetype	src/base/ftutil.c	10139	e9a4474671af787582c3ce4a33bda435ea4b76a94eb55df4a65346e90490d35e	5d8fc7b9bf37f238c8cc461863040bf9bab8179c	true	retrieved
freetype	src/base/ftwinfnt.c	1306	4e57ed4fa0fd455cf58b160852dc01f297ba8c282631655d0a894ccd9adb1e73	038451ae0954bf5de202844912a6526e5fae46bf	true	retrieved
freetype	src/base/md5.c	8743	0eb851f59869e6e4e23ccbaff30ba1874c1a0e5a00d3cfef7529561dfcee2550	b235e17a56832cec9e3a7fccdf8c40149bc5aad8	true	retrieved
freetype	src/base/md5.h	1410	2f7fd79f1a8ec20e8f7febccbc445eddc25a654f4d6503f289561178e5aea781	2da44bf355a3a00b5abd283792e53efad339b1f3	true	retrieved
freetype	src/cff/cff.c	725	12c1e444baa1f557432c7e39366d0788ee1da60df64fe6b8ab4a37534a7329e8	8125c104d1f2089ad41eee62276e0bc6f16af7d8	true	retrieved
freetype	src/cff/cffcmap.c	7312	280c87f7ff79685b9f55dc9437487fb92c9b0c769ea56164aa28878b666e5e0b	75e2420d99e9ddedf41be113ff97c4d2425a1821	true	retrieved
freetype	src/cff/cffcmap.h	2181	e763ddee97bce64359cc2c5d0fdb28286976e9b359b57b4b141d60de112acb57	e812e7a89e51d414318c28c48ad8da72140ce839	true	retrieved
freetype	src/cff/cffdrivr.c	38024	72d7477de6f9bbd3f6646f29c0968e230b8d727b0fc96ddea52f9bb4163a3ac8	18c7b879048bb1104f02fab34f01c723674439cd	true	retrieved
freetype	src/cff/cffdrivr.h	752	2e4547fb49edba5cd285d76c1d900e2420466c5eb1f204fa0a4c1e2fbbf20876	2f3c58b67d77424823edc590334d40b8717a0682	true	retrieved
freetype	src/cff/cfferrs.h	959	8b55cf506fce1ea8789fc7218b1b69024cd86882c61f8ecaf9f69321784da050	ca1158c0dfdc8aa927a46b136fb14ecbe04156db	true	retrieved
freetype	src/cff/cffgload.c	25855	a96b677f84f527a7943a17021f8748b27746ef046b51258daff259b29c61b929	0c986930cee660335fe9ac27eeccaabb95455314	true	retrieved
freetype	src/cff/cffgload.h	1523	0c89e174696ddd0c47d520c75ffd466a60a137f3630cee5ebbc4fe22d8118033	eb4b5f30b5ea12caa838813820209427246a62ed	true	retrieved
freetype	src/cff/cffload.c	75222	7affaa2eef1e95e6853442f10d1c2103fe10eda043b0bba195d877b0a8a67ba5	9d067cfeeb83b657fc187fc1d12f6ce2a95d54a0	true	retrieved
freetype	src/cff/cffload.h	3298	af86afa039cdd5dae80d6b5d73787b374c752323c37bbc8df1bedaafa7397555	ab02ca2d7f640a0a7bfe33256c32f027e513c478	true	retrieved
freetype	src/cff/cffobjs.c	34967	14762bf3254f5b0381f23070ef433580f36528800d1749f1c4899978d3cd80ff	c6ba35e27344c96af0646961260b5fabd44652aa	true	retrieved
freetype	src/cff/cffobjs.h	1938	90c873ca3ebcdbccadb75cb9cc825bf45ec0a9038eb117a3e5d9b14e009050b3	c6ab805c5be98f2244ad5a36f41eb659e23a236e	true	retrieved
freetype	src/cff/cffparse.c	41481	01a7d04e499e9cf6e0b0c41431362fb20cfd0915f058dd626e7217f3be737d06	fadc3258c9605216faadcb98a53dacc4c7b57fe6	true	retrieved
freetype	src/cff/cffparse.h	3451	341f4720618ac34c4a8e5958f92af00a839d48acf8c753925657e7e2fff1c0b8	1daf548cbccabfe86bc7dee181b22dca5a4b235b	true	retrieved
freetype	src/cff/cfftoken.h	6808	79ebc3105c9fa0320725436c8d6502c28e3b52828a66d327c2ee4e605d7feee4	0eadc7118fb1bcfac1edf2c0fe5216b1d16b3416	true	retrieved
freetype	src/cid/ciderrs.h	958	1196fa36f5816a9aad751a4e103d61cdab37015901cfe3b3d0cea72f742a3747	00497b796b385ae47355dff9956621647ee7d199	true	retrieved
freetype	src/cid/cidgload.c	21536	5cc1f971702b4c19360b7d4b2fcc4178d6e545fc9220ba073b38c31c470c413c	cc68b4a96009ec533abb47172999407ee9db96fc	true	retrieved
freetype	src/cid/cidgload.h	1456	a10216a5490d42083e463f8a559535970105ad4b59fd195f56844b831e12b353	51b16c75944b04dfddb619fa7cdc8f9adb1faa50	true	retrieved
freetype	src/cid/cidload.c	25095	2090df639d0e1400816bff67976c82b98c5c793b72e3b21927f9b2905784a1fe	1a0e6b1561e05922251e41ff4ec58ef46c16f127	true	retrieved
freetype	src/cid/cidload.h	1115	9deae933a9ae59ab28895db51c3b35048051474e54355d20d7fc97e002574929	cef7d1c9a6a184896188aa14ff0d912a9153e88f	true	retrieved
freetype	src/cid/cidobjs.c	13996	d9790cdacfadb556457e4451cb82bede9a4a1e5e5e619e64edb31ec187166b45	2d11609598b8f167c5c647d7df788ebf45f97189	true	retrieved
freetype	src/cid/cidobjs.h	3412	58797964c50fcbe76980810a3887b506e80e4a35ece37c612046074c3658efb0	406646231278bd5d70e5a304cfb5a6f96bc241e8	true	retrieved
freetype	src/cid/cidparse.c	9681	8f2e3695f812be306b998cdf50a6412c8b2d05a5e98b275c959c0a9c820b1f05	fb936bd48d9a946e821259c43ebc7d512f9a9924	true	retrieved
freetype	src/cid/cidparse.h	3518	4bffb151db66a995babe55117d04c89c9403f504f883d6b0f6230ea0a500fb95	555245230b92bdffe87b3d2a6eac3379622bf403	true	retrieved
freetype	src/cid/cidriver.c	7489	b8856805ad199eca9239fa7b175ecd629525748c2c082eacc23a89ca6382b2de	ab188776e2fd8a499b9d326817b6502042d53349	true	retrieved
freetype	src/cid/cidriver.h	772	36e960e3dcf5dfdb0aad7eefbeb207ffdddabc5f872609fb9c2f86f3c6a03a39	a4ddccec8082b7a108a0fb36c599f05029568038	true	retrieved
freetype	src/cid/cidtoken.h	4387	02222827c1319726e3c20f6e1ccb38299012bc0d08ca4ebaa94b781887404ad8	22136310cdf7482b1e096b6244e6e062d55e5088	true	retrieved
freetype	src/cid/type1cid.c	710	78c602dce6af50643ee4eeb9c661e7b883f986c978626ece3696ff1af0455150	fbcce4f70bb271a364c8cdaa70623ec6c75f1b17	true	retrieved
freetype	src/gzip/adler32.c	5011	7ef8e3b3a6ebbacc050a8980e84855b7b794fe303b70a75f13cce71a553bf8e9	260185b672f75eb6722fb633e29eadafbb750027	true	retrieved
freetype	src/gzip/crc32.c	31747	1c38cdaed7b307dac9b10e67f104568325eda359cb7aebbe0f209280b6170360	27487dcc259645a2e5ad81eaf5f0232f25aad4ab	true	retrieved
freetype	src/gzip/crc32.h	591749	9a2223575183ac2ee8a247f20bf3ac066e8bd0140369556bdbdffc777435749e	137df68d616c5ed38913579ba37b4e4c533fa903	true	retrieved
freetype	src/gzip/ftgzip.c	20073	9f58df64e777c7b1b5c8692881b16a4a00087b6392658e6707cfb90650854d86	4a5ec87297402602e5f7dda10771726bd71eb688	true	retrieved
freetype	src/gzip/ftzconf.h	16500	f5134250a67d57459234b63858f0d9d3ef8dcc48e9e1028d3f4fdcf6eae677ae	62adc8d8431f2f9149ae0b1583915e21a28dd8b5	true	retrieved
freetype	src/gzip/gzguts.h	6676	6b6fb7d6c85280cf756caf9689bcf8c9faeda82633a62679f8242121db8d90cd	d7d733bda71b46c204930b73eebcec23ccf97476	true	retrieved
freetype	src/gzip/inffast.c	12924	e6ef64ce5dc0a4cd5c7ad08ceeb2b2a698b8447f6bd156057caeb2edab68c0cb	9354676e786ee7a6a31668adf9d25c712d57e657	true	retrieved
freetype	src/gzip/inffast.h	429	7270720c6ff371b2d908a584e441ed8e8d1a9a321eab101ebb830a9070893540	a38c5be450ac4ca71891aa9fc3e062d7d332fba4	true	retrieved
freetype	src/gzip/inffixed.h	6332	237ba710f090e432b62ebf963bee8b302867e9691406b2d3f8ee89ee7bfef9b0	d6283277694802ce7938f537f12990d6eead4924	true	retrieved
freetype	src/gzip/inflate.c	55613	37f332165089ce491dca4a5b2b5108487c40b61face3f3b2a8316a5bcf95d1e7	c8125680b0c9440b6c639e54c96ec039515a3a2d	true	retrieved
freetype	src/gzip/inflate.h	6746	5c2b60ac1cc5b7878a5f00a4a02325030f8155417faba5f9801994389153c128	8a0e437aea39470f66cd3afd07ac80060d05a23f	true	retrieved
freetype	src/gzip/inftrees.c	13031	650d364cfa5257e9f05e9d3a1bb59677f4beb4c1a2f99128c42c84b28b0a7fd9	468eea8790a257c073771df5df572b1a4f301ff3	true	retrieved
freetype	src/gzip/inftrees.h	2993	0f92c0ab47213eaac4f81a5b6a5323eac5b6f0ed683a038f2c22a80cb935d62e	d735b0a5145f3ba283754f50f352bd9732d754e3	true	retrieved
freetype	src/gzip/zlib.h	97499	c86a25c27f74cb97b8fa07b175f479f063d5064ace9995b4684063643c81cf1b	8c3c42a32320b678ee696cd90d8d5ab266af5bff	true	retrieved
freetype	src/gzip/zutil.c	7271	0369dd96d645d4e80c1b293d3752b667b0c8cf40a61f4eca2a87e5e06ee35aab	f76def425c7f701f6ac239923f2b39c89dfb4514	true	retrieved
freetype	src/gzip/zutil.h	6759	d99551febaa018a04a02b026bebef0d4170f89d57e20bf96f750254af9d47c6d	2c96797e3ae73ff2c5a7809780ff891e021a7371	true	retrieved
freetype	src/psaux/afmparse.c	25277	5b700d42b7251a0e0f6151b3cff8831185c9b61d5c05673c4400e0f26948d09a	1cc8ab29d46a04b309ad71ff314e4cf253e8bfe1	true	retrieved
freetype	src/psaux/afmparse.h	1825	f1ada57619fb851a2a6234ca8b66bb016743180bbcbe3e355622558160bcaa3c	02a9617b8dc4881b24ed328e5631e81409474922	true	retrieved
freetype	src/psaux/cffdecode.c	68442	6a643f5468b13213f4a4d4061f99915e75abfe593884343c22e68ec4bf8ca0cb	908a81126153418c61faecfd56a528f7daee8957	true	retrieved
freetype	src/psaux/cffdecode.h	1825	f71a5e4b719c5abb1aecc12ebb0d26d1e4939e8cf12f696f28f87cc879ad8cd2	0836a642b2ff2a67e6687c93b97e4b98b5934ecc	true	retrieved
freetype	src/psaux/psarrst.c	6515	8f06555b38b42e966b8c87b0e539121819b11940930ccb5e97e8cc8feb6cbab2	70313d283a455ad7e9ec8667f9966c7934bfcbef	true	retrieved
freetype	src/psaux/psarrst.h	3476	4c15987656b0ccca4cd0982d56ca71d69809ebf8242b37425ae1a0e13c8f2440	31e5330cc3808be6a5cc92f52a93cac2fb942035	true	retrieved
freetype	src/psaux/psaux.c	945	bb5e4062df615b8ec1e302a89aa9e55405e8c4468a9543cb633659c329be578b	f0c3c2ef97b5afa537e5930ffcbf167762e2b6ef	true	retrieved
freetype	src/psaux/psauxerr.h	1003	9df6e7a22fc05448889e0399651a76e9a0f1e18c3b24f8ae695c959811f81ddb	5766482d1b708a7b0dc76518112f6673e20cea87	true	retrieved
freetype	src/psaux/psauxmod.c	4847	28041fb1696eb679f62efaae4fd9b68ff3e36b69c2f81074b76eec357fdad807	2f9eb87484cb7f20431a945e795bbaf3f94aeec6	true	retrieved
freetype	src/psaux/psauxmod.h	1183	c8a85cd33168a16b6f788586c9ae46d2049d227e9f75a630607f17aa5b254813	e7fa15c34b7979baa0f2011ac6edd36bce84eca4	true	retrieved
freetype	src/psaux/psblues.c	19403	1b63ad1b4c72686b28045e7437d9053158de9b2f4f2e77c310e8607d42d35c6d	213b943b46576ddcca6b471cd5d3d0cf4d68acb0	true	retrieved
freetype	src/psaux/psblues.h	5995	1718a1ab8f6be015741bc7b1c7d3d57e9dbd619d00a6529dc55dc4ff68b8b83d	55fb88ecddfa1dc8a184a9e3d232b90ccfd16a91	true	retrieved
freetype	src/psaux/psconv.c	11649	699c2ab8bb094ba4fb407b9b33d61c6df9fca710b2dc80f68cbe689e79e62fa7	3a054cbbf6d885e8371f1d2a8966fc232d351bab	true	retrieved
freetype	src/psaux/psconv.h	1700	7543c2a9f5df4b24dbfa7255a883ddda7c9d5ac02d39a131f3ce6e84fb154e71	fc123faea4d775cdac45d675d6c4c51efb3e6a46	true	retrieved
freetype	src/psaux/pserror.c	2089	41d5ba2da3ec46c816064e1f14257076458eb93679501fb21806d579fb675595	98cebcf74d99ece4a36065894e6ace54cc8c9ead	true	retrieved
freetype	src/psaux/pserror.h	4024	662dfec3c17eca34affffe8f220bf60afc60112a04e5157a3c2efbd0edcb6f42	5738853face775a7944ebbf9c3e02958a93bd3a4	true	retrieved
freetype	src/psaux/psfixed.h	3743	af4656b05c539aa3a0fe569c8a22b26ef0437b1f32f75a13157bce5ce17057e9	299d076370504844152c984f9c562a753139638a	true	retrieved
freetype	src/psaux/psfont.c	19883	8b266d1268845f9ad01a4f5bb29d5e2c37ab4794282c8102241153cc38a1efdf	0db1f0c5bc460f5040e62c09295efd81cee08aca	true	retrieved
freetype	src/psaux/psfont.h	5402	b34af623c4ad5055b4539c9e5ac95924d3800451579716feebd5d467ba2c3322	836fce4e4d32f6bca4cb695de49163ea8d4eb204	true	retrieved
freetype	src/psaux/psft.c	25628	eac2afd167a8b027254ec1cefba82581b5767851162b87b3e924687d87996f8a	fd0abe17154c71250566365ddce401c994288d5a	true	retrieved
freetype	src/psaux/psft.h	5394	25bbe8ba4f8157641619540785d86d50d1c327d17825e12221585225574c50bc	d9082f3a2be120bd80edfaba983112a19324d91d	true	retrieved
freetype	src/psaux/psglue.h	4501	bb3ffac93b19a70f3d61381ec1866fa06427255d00dd13097673cf554c339e53	63085d71cf50881c277808ea0980a31b19f0b0c2	true	retrieved
freetype	src/psaux/pshints.c	66109	cf3991a805a41aed108196528d57caed575ca39a6324817d5cab48c63ce9c9bd	7bd08a9c9bf86af8d710c5566b305d6a0439847a	true	retrieved
freetype	src/psaux/pshints.h	9869	63c7b6744d098c2c6f6604790ab0203752b10750d5c2505339408d917122b108	31a8230364c3493199e3ca8fcf9cbaf6b14c4e86	true	retrieved
freetype	src/psaux/psintrp.c	105457	b971ec88d4d56671fcf51294a8f85569ae2a391c7db48cc4eb43e622e8bec422	7e3475e6f589232e66564cd20b4d9c98b0e4be69	true	retrieved
freetype	src/psaux/psintrp.h	3074	0b32ec2bdbd1a97bfaa446a6687f4e36a31a6e7d9b4a3062db0ffe72f26d355f	d8b9342ecb61fd326b5f5e7d82fea5b3004cb321	true	retrieved
freetype	src/psaux/psobjs.c	66497	9d8e3f205d6279f1fb400a313c84a4ef2c0f524a51e013fbc10459d232c1c3d9	5019f9925c1eb9644af70afe8165fb46fec781b5	true	retrieved
freetype	src/psaux/psobjs.h	10283	70efc6ece5692a5fa57ce70be0458924bd73424e12bdf76b251e27e5f6eb2978	04205f891b17194e2faac5ac76ded4da7571bb57	true	retrieved
freetype	src/psaux/psread.c	3522	782174f869f52a18d5841d78acbe659519eb768e2965ae059aebe87fb8889882	7f657f2cdc02da4bca7d02bf0aec05e9dab6830b	true	retrieved
freetype	src/psaux/psread.h	2299	e21f0c22a78a4f9abb3d80b656711656910fda66085e6a06e6b763273884b149	9e55fe044703042b55ef3371494cb204584adc12	true	retrieved
freetype	src/psaux/psstack.c	9233	2fe67d2f9c0ce1398fa17d536d7129a328118a770b7e7a64ad1f4edd63d4526a	797486588a34f7b0abe0af5ca5b995d2c96af83c	true	retrieved
freetype	src/psaux/psstack.h	3695	49cb6d98d82faac84669a5b6394247044b4d597cddb90c96ea093184e7d44f22	907b42400074ca510a37aa3230384d9e1659313b	true	retrieved
freetype	src/psaux/pstypes.h	2674	910ee2ede0c0c149d798bf9dc608e1d3e013e675bdaaa6358ed2371eb600357f	435ef7e1fecff79263eabef658d215c193ee3f70	true	retrieved
freetype	src/psaux/t1cmap.c	11948	4e474bc78fe0c95cf58a3f61533917f69035dcb0a35380fbbaf90287657a0bf4	686ca7abdfa39210308797e279b83f3747fc1756	true	retrieved
freetype	src/psaux/t1cmap.h	3282	49b79cc8b20f60e799acb49d3171d8766fb198a6ff6aee41dc0eab6447a513cc	be66a0c7f6f4c31af8931867177793f36abd74f5	true	retrieved
freetype	src/psaux/t1decode.c	60726	94202746adeba6be45ffca7fa0e612c4b45355dd4d5605193e2f1ec7c273193a	f22b32debc79634a12e67c92a46d0d865b5b4a79	true	retrieved
freetype	src/psaux/t1decode.h	2024	495fea1fc192ac5cf677c610c0c61dbe78c6368b45a3fa6b1f2d6524947e5936	1b5d5205a865413e134136cd4e51b05d1130e0bd	true	retrieved
freetype	src/pshinter/pshalgo.c	54783	82cc56dc73b763257d5a7151f2b18d3e7d4c2de56e66fab4317e238c5a3c64a3	f169fc3459df53ec5cda2c6f1e7d0f3c2833df3e	true	retrieved
freetype	src/pshinter/pshalgo.h	6616	6dda6f401d05d5b8db1222d6b449838095aa2c99a664d03a83e1ea3a9e5cac6e	95d41b49aaf0ce857c426085dc47a8739ce18e71	true	retrieved
freetype	src/pshinter/pshglob.c	21834	a5041bafa5ace7d3fa9cf8f91ab8183c902aebdefffebfc080c059935377b1cf	2e4efea068cec06553942064149229160db1ae7f	true	retrieved
freetype	src/pshinter/pshglob.h	4860	4b7a775c1e246e58cf4a5cb6551477b8b74c51fca991455eacc753cb2b7eb9d5	0158b92ab9deba9e220354706b8af03e3df39f4a	true	retrieved
freetype	src/pshinter/pshinter.c	671	638203d74ba1ef837074049e61a722321eb092d91bf90f0180b7cc5f3ee82278	f22de34bd4a126db749e26d36bd7074626faafbc	true	retrieved
freetype	src/pshinter/pshmod.c	3002	534ded2b44b8fba080cbdc1207bd39cbd82d77398e44361efd9afa968936f47e	f6b2e2df94c0e44d2c5ce1e7c22ea3c9e08430fd	true	retrieved
freetype	src/pshinter/pshmod.h	741	b495161424eee0c2d2576684b85ccd7d546b17f534bc44d26f9bf50355879dbe	d68ef9a87369f7c23ed5e09987ecae209a6b0ee9	true	retrieved
freetype	src/pshinter/pshnterr.h	978	a2bf6745c5dd974cee27f4b642386fe812af4217f1c93e3f4e1d08bbd735365f	96bc3a31756f2af57021740100692c94008a9b53	true	retrieved
freetype	src/pshinter/pshrec.c	31754	d6081fbb1f2324fffbed405ac31f321e9e4f0dae02dfb1a509303615d2b3834a	f14c9c7cbda1ba5891f19a86b3784ce22ae8bcbd	true	retrieved
freetype	src/pshinter/pshrec.h	4103	c7fc29e242b7af3cb1569dc22eebb756093983bbc0de906c7d44df4c6996462a	0b644f5b964488124923235c953b1d6560fe2463	true	retrieved
freetype	src/psnames/psmodule.c	16268	fd5bfa6821ee266f403cdef31af7a13e76059a71d9f48e5c45d4442426ee8881	5409c61fafab4845ede55fc2995d8db4a10d058d	true	retrieved
freetype	src/psnames/psmodule.h	748	20ba4abfe9c60392fbc4bc19f7f31d2bc8a78dcbba0efda45ff53f037dc31efd	7a619d83fb39b1614363da7d478f17fac9509fe3	true	retrieved
freetype	src/psnames/psnamerr.h	999	46cca41a97c13f47e79e258f30bbe277a6f5412eabc6113b88949266dba666c3	bef9e797c8067446cf3e5db5ef9d56c40f6642bd	true	retrieved
freetype	src/psnames/psnames.c	622	eb541c8027a6862bdd271d550cae886716c6a7e0ae484d7ac070cbae869254fe	b0ade9874da6d9e5db3fa60c1a7f6b69298a4232	true	retrieved
freetype	src/psnames/pstables.h	268144	1095bb32a4346a0961baa081a9d275c48feb8a8b9c94ac534d2047d504aa9abf	8a32aac325f29aa765a39b53125689c8d07c6bb5	true	retrieved
freetype	src/raster/ftmisc.h	2571	72ccdf0e31b3c88aecd376c2b5d09be3c0bdeb22ddbd84e099469e00d3d78624	cf96cd09ed5f1149ab5bc609a50f3ab8154f813d	true	retrieved
freetype	src/raster/ftraster.c	71742	1cdcf4eb1b347d8e0fa476570ec1f08c427457f471aa7526e6bafd124d67f39b	4165800a1aac060878093cc7dd419eab02121147	true	retrieved
freetype	src/raster/ftraster.h	1092	60c621c756dc4fb66a4c7e612da57a6706b6c62712d31571517160176ac9fb22	e20184ddc8eaf4c72ce4b1e33372fdeb1c728b3d	true	retrieved
freetype	src/raster/ftrend1.c	5549	5125090537c986fc23fa48186d684e682a3cf9c2a542d7c394e70e5af71f7aaa	6b28cb0bf8d8f4d12a3015859e1decd34ca86b6e	true	retrieved
freetype	src/raster/ftrend1.h	755	b0795da8b18eac58dda31c1ac60769246f4607e21ccb9eb24e4e4ed990100485	92249a0cb9f6c212f45f9b407f9a67a88a99076c	true	retrieved
freetype	src/raster/raster.c	654	ade6f638a546809295769744cb7522609effd07fdf6136f756baac60184d0ad7	df2ec38d42e890e8fb29d406be56f4614448ab1e	true	retrieved
freetype	src/raster/rasterrs.h	1005	effe7dbae1e47420101e275c403bc39c83b3bad2334aca9d192d206f149db03d	744d179cd8c2cec94be60496eb37162caaeb50bf	true	retrieved
freetype	src/sfnt/pngshim.c	13123	c6eab902d978bee5907911dae15783a3600ed61f777160e227af062840e65fe5	e588e6b380b449d5acd513a61a99bdcbde4eef54	true	retrieved
freetype	src/sfnt/pngshim.h	1184	bf73a0af6a793ba9503861c32907cec7f98e19fc16779a3237b4509f0dfbd187	f187b639a113431d8d4f602bde2479f7fba6d047	true	retrieved
freetype	src/sfnt/sfdriver.c	36784	3e9539a19862ffd28b04f9f2a134987bc8d03ec556af10ed89f238380e63d1f1	4046b1a0cdbca7e32d4fbd1540d0c8858a73f8a2	true	retrieved
freetype	src/sfnt/sfdriver.h	740	46eee079a34200896605144c2894bc5151548905c17d91f63e148bae01e68d7c	e9eed184b7fd52f7599bfbd3a55aeb6963fac33e	true	retrieved
freetype	src/sfnt/sferrors.h	966	453e1b8a43ec939ace3c2c3048e0676cb807311e71c0d65248b9da75163e7806	05b259c1bfcb87397289867fc554de054b689714	true	retrieved
freetype	src/sfnt/sfnt.c	928	412b93ea8bad243ac4491612872c6aafbb92bbef19263d38f0e48a93f94fcbaa	2eab87f2fd3a8c078dc3c2bf434ae40cdeb7a251	true	retrieved
freetype	src/sfnt/sfobjs.c	49470	056d76df3c5b2cd45f761ce7f4c81d773f5b960c570af4ac6d3ce78b22212de6	fc855cbb6b957047907cb63052ba9c420b76dd07	true	retrieved
freetype	src/sfnt/sfobjs.h	1417	c7e0618c98517a2f1b3ee2977e55b0259fbf6cc3428b809315a96a0e285c28b5	a27ad7064acc5507cd696780db8a37cb034ce721	true	retrieved
freetype	src/sfnt/sfwoff.c	12289	ee0309112a0e061f2ec60d2d52976c76a881165f36ea1cbc0ed8e1faa8281717	b8a3030d9cb03e0544902ba79e6b8760db51ae9f	true	retrieved
freetype	src/sfnt/sfwoff.h	865	72cefae962d22b84c06d3a3e4a52c1fbd5fed00484c72b12e730fa431c47fdd8	a563fcc682aee14df26681191724c7ecb22e2b40	true	retrieved
freetype	src/sfnt/sfwoff2.c	66531	9c67d2b0e2d0a88520bbfe132827252d0f7bd731bb735fba7a36575222d7cc72	013e30fc520baeb748f91f78bbc57ce5c144541f	true	retrieved
freetype	src/sfnt/sfwoff2.h	2124	c2d7b11d8e9807c03437a6caf435c5bb4c92e7d7e5a2ecf02a6d42945655b4ef	e0296d82603e15afcf444368ab9e9001a26f0a5c	true	retrieved
freetype	src/sfnt/ttbdf.c	6439	2bc05bcbb0805b586c96aa3ec4eb0efbbf9106dcac61e8d3d72552a1ed5d1659	9fa12c099f06b55a75bddeee3f854272a0d0cfa5	true	retrieved
freetype	src/sfnt/ttbdf.h	1029	b46ba30c5321778e1b27e00aac77e6473a967132b4608befbcaaac32479c60d4	87d210e52f795093a85ae5ae311809f65b8d7a47	true	retrieved
freetype	src/sfnt/ttcmap.c	111810	f7288c09bf7b64381ebc794df9236d99f2d378043d89ab477b6e5be697f8a00a	f5837e65e86d04ddcb2bfac82dbe80e1a9eb81d5	true	retrieved
freetype	src/sfnt/ttcmap.h	3727	c27fb995d45fd6c890ae52b8f2ee0d44339f1c784ba0357f64ba4f0d7bfdaeea	fdb34f525e3cd93e3731076cce6e132b04527de1	true	retrieved
freetype	src/sfnt/ttcmapc.h	1227	39d6b8842a667f35de96457b01b47492b441453d55f061635852398e6bee1b8e	c17ac5bba15d0cd42406baae63d229973e40b61e	true	retrieved
freetype	src/sfnt/ttcolr.c	62172	a813e188a283e9ef1853eddfef8b68014ef7a095b1e4d1fd6797b919156f0ea1	2dcab31e6bb4164e34784fdaf60fce05fe313070	true	retrieved
freetype	src/sfnt/ttcolr.h	2526	514e26de5f3838e3b7a3fa6cc9a141d8fb7b7fc00f880dd706cb687139a91a05	c7bf1f2a4a78bbf9855158e19ceeb65b7a94fd92	true	retrieved
freetype	src/sfnt/ttcpal.c	7964	3167aadf88466838fd870e2c26f409c10eb55231a5124d864bb77f4ca899327c	04e2db1eab587195729a25254006fe024a6faa6c	true	retrieved
freetype	src/sfnt/ttcpal.h	1036	0a610edec84bb838be4ebcd4214491d9201e225fc4bdc97b0b43bd30ec3350d0	5c2e660e13dc0099d19c87963e2d62b7408cf991	true	retrieved
freetype	src/sfnt/ttgpos.c	24363	48f0eb6f7e82bcbc5a6028f8deb137c26688b78260ce9404e2fb8ae004ef8009	6f9bddf34ad2fddf4d7f765c2bf7e14a16096758	true	retrieved
freetype	src/sfnt/ttgpos.h	1152	de19cb05f6c0d06df61e9fc815a44e679b98fc91bb73a748daf2f287f32d061d	3c227445baca2a983376ec40c5e028abf6c6baf8	true	retrieved
freetype	src/sfnt/ttkern.c	7183	d0466ae739af657e3073d28b9e0a43e896644598c29be3cfb83e8144d9b5b9b5	65b249ff4cdb72e23c1d8d7c06b8f9f6293f86e6	true	retrieved
freetype	src/sfnt/ttkern.h	1093	2a5c5417c053b12e8ce9b5b32e58449b34c5b8260e4182f0cb63ee8e6529069f	8cc912a79e53acf03c88a0175eecdb6aabce52f8	true	retrieved
freetype	src/sfnt/ttload.c	41323	7336ee8e93002611016976208dc92b55da6eb16cc03b08be8a678e3252394eb7	e17d07a971ce46bf685336338805935583b9b231	true	retrieved
freetype	src/sfnt/ttload.h	2507	9fd2d4dee6dbf4c80e2830c41cf0f485982691406568bd9f08c841fa8830537f	0a0aab24ce6c0848d5ff39aca451ac37c683a79e	true	retrieved
freetype	src/sfnt/ttmtx.c	8571	65c7522ff2188b4a8c665beebdb6e6ccde8496f6ab480bc1af740aaecd981e2f	60dce87d841a14ffd408ca473e85dedb3b7fa496	true	retrieved
freetype	src/sfnt/ttmtx.h	1289	a7c4d3dc26984cf67546715c8fe51d5501799a2f0fd78ab192ac229ad1ee01d8	618e04ffd29d8ac820d6b22370b333efa96f856d	true	retrieved
freetype	src/sfnt/ttpost.c	13262	9d8b3d635e819e2278d0cab60641b95f6795e0b19877e42b3eb130c8f706180c	98603e115eab7843c3ba9bd2d41104f7b982eea4	true	retrieved
freetype	src/sfnt/ttpost.h	1002	74ed451e01c3d22fa86bd21c220e207fad07f400c9844f3068d2e0fa4fc8636a	896118015e1351d00eae462e2583180d3c9c022f	true	retrieved
freetype	src/sfnt/ttsbit.c	48979	da9f35e5a0a813b2de10f2c21ab30fff6995550f9d9480f3e3468e8440506645	1655e40b6814884c91bce3a822f5d373dbebc476	true	retrieved
freetype	src/sfnt/ttsbit.h	1672	15349b38b018ae5d786483eb0eca13364ac1a98dd56cc20bc930beb0db7cd7c3	8fd45223264057600ce2c83fedc4f326476f630d	true	retrieved
freetype	src/sfnt/ttsvg.c	10932	f58bf8a4a1604de5308d7e069422995284569ab3f7edae4334d3fa2a4e83c396	79cf531d054aee43fb42172f286b50e858470cb5	true	retrieved
freetype	src/sfnt/ttsvg.h	1014	19cdeb40ffd9c398d12c1bc910a4e66f0f739b4f79e5c727d63c5ab6929fe2b2	6253ed1d499494959515719a4f42c89b4016f6e9	true	retrieved
freetype	src/sfnt/woff2tags.c	4350	02c3c39d125d366d4b73e270154c5d6be4165146a9e3201b43a3892aadbb8d4e	1c3779d9f34cf1b4afc7c91e388f0bc273b1f47b	true	retrieved
freetype	src/sfnt/woff2tags.h	867	24bf63442a6ced7d379f5a43457e73acd14452fea737dc8a747103f85a7dd0a6	200262d38639f30f4bc5930a3ffacd9ef5967487	true	retrieved
freetype	src/smooth/ftgrays.c	60249	232214dee3690bffe6eeb514f16b7f9a7ad5f9747a7a0213fdd752ed25e17649	0f7b63937d708f63190d5209c71c05279a6cce24	true	retrieved
freetype	src/smooth/ftgrays.h	1216	f33954dc06f13a9582c4867db24cdcc5f2842b6628ed2ffe4e0a87f716c0c5d0	99c7383e76e82b400991d563dafe71f225ee34a4	true	retrieved
freetype	src/smooth/ftsmerrs.h	997	80b146b8653a9ca6986e3a6fc65ddadb8397956ad048bb8593d8e419bddde28b	2f2276bd58c8e37a189b65dc5243a77a7c8e6794	true	retrieved
freetype	src/smooth/ftsmooth.c	20007	5ca3619bdd112ba9e58bace1c68a6315e4bf4eda99be63e4ad2bdb4b1adbf4a4	7378e6adc46dd1ae73c33d4bb49a2e51f6e41c9c	true	retrieved
freetype	src/smooth/ftsmooth.h	751	e770884ca1f5e248ec6a90613db8508d8959b03ca6bd1f678d73c4a4b9f8e783	56c7ac70b5c90f9391108ee3b08155fde1dbcff5	true	retrieved
freetype	src/smooth/smooth.c	657	37c9b7a09fe76c9b51159a98c9ff665860c2d25eea38816195c793fc8b2a6596	4ecd3ccdb9cf45b17c42abe43556716f5f60d302	true	retrieved
freetype	src/svg/ftsvg.c	8893	a1a681862e9030f4a5454d741cf2f4cd3ffcdb7e16887132397f3a04f549d51c	c98d7f7db90dd99fc8a6f2fa28f00e6b34dd92ef	true	retrieved
freetype	src/svg/ftsvg.h	810	fd4aff18f1146e454a1b63d6e3a19dd5f576e3904a4cfdc206e8050a3c6f81c1	6254485c5a50f4337725d203b2d8652f1fe6295c	true	retrieved
freetype	src/svg/svg.c	656	0d56834e1bda529ca39e9ba47ceb9eef013b45647fc159d4d14c3991e018a965	fff03ee59e8a39083a641ae78bae24f776c6d938	true	retrieved
freetype	src/svg/svgtypes.h	1195	eec9c245891d56faeede621438ab980803091bbaf240f03fc6e9a369d074e9f5	f731bdf111267511938ee0b27ac915388f005ffc	true	retrieved
freetype	src/truetype/truetype.c	874	b99552a6f23dc7e6eb776e4ac17faaf778617981b486046bd121495330f1192e	accec4597d7f23d09e72e85e52229bc16d93e5ea	true	retrieved
freetype	src/truetype/ttdriver.c	22120	fa6d085ad483e9358646cfd05394a0a0be6fa43b82c35915b4917abcd667e009	90d6e81057876fef971558c3ce28081a195f6519	true	retrieved
freetype	src/truetype/ttdriver.h	748	ea74c300c0d3520c14e79065c68be2155e3a26cabe7ce85e3a80ec59f9660437	c00bba066e30f8d84e24ffdef6761125a341793e	true	retrieved
freetype	src/truetype/tterrors.h	981	6bda477a55a95d767c2f9873c044b8b31465523e9c4b890333206d312c146fae	1ae4b087ac8ecbc5645f76242698a98018a13932	true	retrieved
freetype	src/truetype/ttgload.c	81139	498e81106d52fe676cf8a4351618a81085794c76986dd5ed0621fecd99548ae9	1f61471d0549adfbd6d0598ef9cfe0bfd4c53a40	true	retrieved
freetype	src/truetype/ttgload.h	1358	41a553dc85431295de605e67785ba9b11ffdc67cbeceade458332985027b9652	3d6a762d1f7fe29564b8cb8a1c5fc61ae50bd672	true	retrieved
freetype	src/truetype/ttgxvar.c	135920	b5ca576f480437e59f84a31ba2b569c7aadd31871f608034f6ea576340b88e10	5ab6e17119c12c668384bd838b2b1c70e095e250	true	retrieved
freetype	src/truetype/ttgxvar.h	13859	23b382b73de0dd46e278c4c6dfbbed6692d250d50d3f1f152f9b8d45e34b60eb	8a59c0cd6e60565e5cc2bbe01af17ed176e32964	true	retrieved
freetype	src/truetype/ttinterp.c	184650	13374528272f5ff53f543950bfdf0aa5cc8a10eb19d2755fa770ec9e061ddb02	f850bc418e7b7d7a4953bb43aced88101341d901	true	retrieved
freetype	src/truetype/ttinterp.h	18264	210e2af9d4daa7275befba59a7c2611613796dd8aa3a30a888901631ad14e532	05ac831dfd13c9e966bad9065f8edc382e4481d4	true	retrieved
freetype	src/truetype/ttobjs.c	40600	c381554e81a00f9d5c430e7c51e1d6c289958867426b021a6165eb12b451922d	dc897688584a7464a206658665210c8289ab6f6a	true	retrieved
freetype	src/truetype/ttobjs.h	9468	b7a1be06a29341d7c525fbeb663d09fc4a265dfb155323b80bb88ad8b19b70ae	9b2f412ac475cd559e8f8350c007afb297c1f343	true	retrieved
freetype	src/truetype/ttpload.c	16553	668c9627c4634bbb11a6a4f0b616be19826c7ee22af545c45cf5a8dbb90514d7	5b0a3944d6a70c9e714fa0a929b0693744f8601c	true	retrieved
freetype	src/truetype/ttpload.h	1661	75a23ba770d230c894ecea0c2eabe2dac892b151d0ee1560c5fe75227f02667c	ad0a9eb7a6d5dc440e1274cd7a4eaf266ca39511	true	retrieved
freetype	src/type1/t1afm.c	10667	4b021ef815e81e4c46feb45e5f9a4170f75a53778df69114cd4ab4d899b02841	cc94a0d4a4567f3e73bb95740fe03fa2eaa278cd	true	retrieved
freetype	src/type1/t1afm.h	1285	2e3a917ef1885d20902123574d1e80c7b5b39276fd4c77474375160df5c3679e	f31c9d100f0acb1e44e5fc1550ebfb35d74bbc2b	true	retrieved
freetype	src/type1/t1driver.c	23752	68d859a082f13b5ccfff2ba7a4c5e8642cb2a4fc90372c29ccfa884ad6ea14fb	1d7a342708dd78983a7ca1d67c84d5a9de2bcb95	true	retrieved
freetype	src/type1/t1driver.h	769	f2e8f100716538806600ae2488c613e0518ef4ae680796c768f6aaf91434656a	2869adab6e747e371177ade81a7c92b5618fbe61	true	retrieved
freetype	src/type1/t1errors.h	969	c3372f83a128598ba74f28b05dfe38861bd373b66019ed47fbbaf592e58947fe	efe53be1f4cdb4ccb8c705c03ce47d0d522d04be	true	retrieved
freetype	src/type1/t1gload.c	20377	ebd4f938f43803e65403ffe40a488adc3dfa9aefa4f54e1988807cbf55d2cb00	dd9b6cd80fc2e2f6634dad71760a43f518ad8522	true	retrieved
freetype	src/type1/t1gload.h	1193	2db4a4f41a0335c25c1a89d654a0c5f184ae05f076c1e3a17af27323f1e38943	b3de427a2f3d283b094c6d44b63e9c450beec448	true	retrieved
freetype	src/type1/t1load.c	81827	e3659e14f380ae21e43603296e9e61a85d3cb95ee79f44ed144be10262ec2098	1d095f8ac1f80b3293ca497bf85cf0a9df54d9cc	true	retrieved
freetype	src/type1/t1load.h	3285	2ddce8119f2e49004d79fca9318b1c4890eefc4480219a4ee4007c79155619ec	39d4b94e9dc8ac8eede58a5a50e8ab47d05333ee	true	retrieved
freetype	src/type1/t1objs.c	17541	3c1ee87f09310c990bf754917f6f3ec4d7a864b7fbf68ab0b2e0e1497511b15a	4ee0a591096b6c79f65ff502e78121a4af147574	true	retrieved
freetype	src/type1/t1objs.h	3452	6e1c52635ff4f53db497078886598d677a3a8a3c77c66bcf818f0b17f39d3140	f152f630a86ec773cfb305d2505f9d92af10b249	true	retrieved
freetype	src/type1/t1parse.c	14896	c73e5fcc50934e7a58fe8cefd07f9743a1d4ca107183ed9d5e79f1feed429a09	a9b8d18a6ff6e4021afb67388fabdf668a8eadff	true	retrieved
freetype	src/type1/t1parse.h	3735	7a07b1d780cac0adee0a3e0a42226762264096542634fc4f2aeb40df02d79ce4	ebd7c3fb34047e7322bcc400cb4b292f9b408f54	true	retrieved
freetype	src/type1/t1tokens.h	5083	d63997c9a536fb6631597e092122402c7266b3e3cbfc24c18930a2a500ceb5cd	745351a34c9540900be09df00e9fada02474d7bc	true	retrieved
freetype	src/type1/type1.c	720	e74b9a29cd68a0684fde15a14b9f05c1ce89ed93bb14de41c5bdb318db62c168	b8e88e6eac5ee1e3ac9f2e78a7c101d27d794fe6	true	retrieved
harfbuzz	src/OT/Color/CBDT/CBDT.hh	31071	524184d6b83f086e0abc9b0c6a23415d9240209dc6548c59c54bf6e86ef2af09	2d8f1da52ddb1f15c0b4a0b789ff5b4d3f7d0474	true	retrieved
harfbuzz	src/OT/Color/COLR/COLR.hh	90826	a8eb7065332c1314c7b2aef1cd9b2a0d1559bca2d3965506bdfcf708b10b9b61	e8c73ffaabc66c8b028e4429c410fd86082c2271	true	retrieved
harfbuzz	src/OT/Color/COLR/colrv1-closure.hh	4014	69f1988bb24a8c9db42ffbcc9b0c9974480dceef6acb301a172b49c4be047804	9ed0aa5632aef273c36f6073e64db819605b85af	true	retrieved
harfbuzz	src/OT/Color/CPAL/CPAL.hh	12392	325ae3c5c579a6270d90469bafc83fa6a93fcb9b3aba997ea19533b0688cc63c	2b8b69b6009ebf044142256fb9a5bba86035fb6c	true	retrieved
harfbuzz	src/OT/Color/sbix/sbix.hh	13850	147e294663a642f56b907796dbdc9b1ff0622feca3963964b01cab36c42b9a26	bb0e83e2eba6a6083e8dddef79b2d29c9188bb24	true	retrieved
harfbuzz	src/OT/Color/svg/svg.hh	22550	faf966d66a2eefa59e6272145f454ff9c335e8aa284862b3262d8b58f4b0cb3b	d6fb71832b6dbdb72b7b42fff31e6e3d1449ff5d	true	retrieved
harfbuzz	src/OT/Layout/Common/Coverage.hh	11736	c31d1fdfaa165c6436e793967c2c9b09dfa151857d8f26929aaaacd59514a02b	93ca1b2f7a760ffd6057da35800666b57a5e790d	true	retrieved
harfbuzz	src/OT/Layout/Common/CoverageFormat1.hh	4098	383f1f9750292b130d00503d57f5019c4f2e4a24c515012c1bb6955f7a5d659c	823e45073d7cb8d22030ea2f98b196201f4194ba	true	retrieved
harfbuzz	src/OT/Layout/Common/CoverageFormat2.hh	6766	80a8151611233febb8dbc1bbd20f95d4d42101e273b9c7a2db91a270f5e1183d	19895cabb809746daa5ae0b2b19e86d8d5ceebd5	true	retrieved
harfbuzz	src/OT/Layout/Common/RangeRecord.hh	3303	21339be0fd783a3a3cd4391324d339b332eb3b12a32266b9a812bf400fde744a	85aacace9a764414c8c404c8ec295443f95d8a27	true	retrieved
harfbuzz	src/OT/Layout/GDEF/GDEF.hh	32488	bbac56bf68275929ef27d1aeeb5ec0de5c078fba92398ce491e5cacd0d53eaf5	d0b8c1bd15da1f3ce53454db28a4549ef31a32b9	true	retrieved
harfbuzz	src/OT/Layout/GPOS/Anchor.hh	2244	b6be806f8338aabc8b5914c2a10e4352cd02fc2180342f3ed6e6bc513db149fe	1938803fa7c43f332a8ccb7432cfd87a228ce47c	true	retrieved
harfbuzz	src/OT/Layout/GPOS/AnchorFormat1.hh	1105	e5a65b7ebb17411027802ada680b43d9cbe74f022d687da6910a6e05dd36350b	738cc31bbfa4148a01bc4d3e84b8fa12e0e8373a	true	retrieved
harfbuzz	src/OT/Layout/GPOS/AnchorFormat2.hh	1518	cbffb2662d989c60bd9adbadfcbe31812a6208698c0352b1992377d79cfdb1d0	70b4d19f53c924026498f07b9fe81ca43ccb2732	true	retrieved
harfbuzz	src/OT/Layout/GPOS/AnchorFormat3.hh	4747	8ecd88ea3508d3bc572191df61fd73a7bcd92f860ed93459dc05d7bb3157c4b5	c49705bea0ebad7e8a8494a1c5eb2722f2ae628a	true	retrieved
harfbuzz	src/OT/Layout/GPOS/AnchorMatrix.hh	2781	7982b03d72e29a0b5b9ad821d5212ca59d7ff90dd6ce304fa261134e3437ea5b	7e676371f7b417b6144ea25a14072fdf850a4bcf	true	retrieved
harfbuzz	src/OT/Layout/GPOS/ChainContextPos.hh	239	c34439da36999ba2ea22c8e3f79e3d8ac7e5f1526b2952574ee9b89db3b20b46	d551ac2a2be63fe93875742ec9124af825f0b00a	true	retrieved
harfbuzz	src/OT/Layout/GPOS/Common.hh	1079	83ce20183ae2c7ed3778b379173d53bf171979c697b3130fe3450b29457734db	696d25d75c889ab6907b5149734fe74b28a1ced7	true	retrieved
harfbuzz	src/OT/Layout/GPOS/ContextPos.hh	214	76cc7ef26c40970e39d96f6343f1ecfdc1e06369810db6e3cc4f4dff46f57e65	2a01eaa3a6824aea7ad8696c6474857ae7591a93	true	retrieved
harfbuzz	src/OT/Layout/GPOS/CursivePos.hh	805	a1f82ec46445e4493cd9b4536b2d42ee0e296b069840c3d430a59bafb3c4b80e	38a29dd9ed506858a18065d6a2e6e4fff7c5c3f3	true	retrieved
harfbuzz	src/OT/Layout/GPOS/CursivePosFormat1.hh	9986	a435926d26dda652dfeffbd650e91e779973a6f945872961fb9dc7a561f01c7a	4d6d3405207f25c2e8cd0dc8757f3ff9e60c1747	true	retrieved
harfbuzz	src/OT/Layout/GPOS/ExtensionPos.hh	284	5a80507ba337f036a614e37c619d59a90e9ac8589a835705aa3510e76fa5278b	d1808adab40de7ba21b82e9a7308f27b60326999	true	retrieved
harfbuzz	src/OT/Layout/GPOS/GPOS.hh	5946	4277bc343abe260622f3fac09f5b6bd09ce8743810c7a0b6c3a940976b678907	762c19eae5ad106e669fed362822f6063f47760c	true	retrieved
harfbuzz	src/OT/Layout/GPOS/LigatureArray.hh	2277	de235bb21290c06c80162295a581375cc308224e020dca638375c932f1b9053f	fd131224630bf0846861f1ffe1bdf43c231310b0	true	retrieved
harfbuzz	src/OT/Layout/GPOS/MarkArray.hh	4044	6c6841b1d0d6a4769e9fee18a87af6fcfa4c52284d4180c84850376c873fb89d	403a6a2bdfddbf7aa418c8ba2e4ad7443cb4652e	true	retrieved
harfbuzz	src/OT/Layout/GPOS/MarkBasePos.hh	1010	44852345985f466afc1a374ded7ceefb3caae2377d5efa6ee1061324305aa20e	32476663b17eb8e9dc04d122075291d4eb8cf4b0	true	retrieved
harfbuzz	src/OT/Layout/GPOS/MarkBasePosFormat1.hh	8654	52c9a2aacebc1cab4c43c905036b6966fa787216eb4573da9483702be9dc8d10	c13dc65d439700d4a7e28d31426a043f850ef9b3	true	retrieved
harfbuzz	src/OT/Layout/GPOS/MarkLigPos.hh	1003	c72ea73146bd36d39f6b24ff43c33747ec29931f0095018b1ca8ed1833128c9c	5c686f5764b1ea9f4c3f2a1049a44f30b9e6e91d	true	retrieved
harfbuzz	src/OT/Layout/GPOS/MarkLigPosFormat1.hh	7563	5b6f9714de0da990de5f7c1c943962da2f3669c1c45350220a4d54ba021705b1	57dae77a9d00a7cf902c591ced7032898f463852	true	retrieved
harfbuzz	src/OT/Layout/GPOS/MarkMarkPos.hh	1011	84951b14d36c460dfd8cda2ce27392385be0c122fa7fde995f6563436e2e0b3a	dbd8419ca9258b299cf0a73259cbb1961f06dc4c	true	retrieved
harfbuzz	src/OT/Layout/GPOS/MarkMarkPosFormat1.hh	8341	3a59e972a55bfa071353ba3d33fdca0dab07abc3bdcf27b28f4a7d92b666a9c7	3221704caec06cdb31c2bb32bf8cd14b9c0c6195	true	retrieved
harfbuzz	src/OT/Layout/GPOS/MarkRecord.hh	1353	a884689ee938b1bf89cd6accc74666faff6187d9b6ff34b277a73c577d03d293	3d11c7773cf36a2426d768276389e9cab18ef48a	true	retrieved
harfbuzz	src/OT/Layout/GPOS/PairPos.hh	1245	dcac898ee1a58bc6e870f3d256628db1986f788582304cfd1f3b4f1274135564	1b3b70090a57a5963cfd673247bc308d3156818a	true	retrieved
harfbuzz	src/OT/Layout/GPOS/PairPosFormat1.hh	8304	621ac8501991d211a3fdcce83868af6a52bdc8e2b205305669de341988716f27	a8ded1e75e4f95eed157c941776917186ba63b13	true	retrieved
harfbuzz	src/OT/Layout/GPOS/PairPosFormat2.hh	14375	35d9267f19dcecf542acc0341181348652e7aa08dcc221b571ffc03328f2d96f	e7320b932dac272521c36a61de33c539407c8151	true	retrieved
harfbuzz	src/OT/Layout/GPOS/PairSet.hh	6370	e1de1bd7967402a138411ede8dd7bb4e9a07dce50d5ba1738517dc085ab97eca	5560fab1743778e243a9150ac9cf6fcf6a4bb9ce	true	retrieved
harfbuzz	src/OT/Layout/GPOS/PairValueRecord.hh	3102	c97fe09162c499a21d85f250dfe9f2e5df24e61ef8e6548c8d2a193d2834072d	d00618b763b006ae75ff12e1d8cbcbce3ad178bb	true	retrieved
harfbuzz	src/OT/Layout/GPOS/PosLookup.hh	2024	3d5dc44eae59aa662f1a9654a88c7601cd36983ab57dae039610172d1570539e	c4e57bb543005323d3a753339efe5e2716b2cf42	true	retrieved
harfbuzz	src/OT/Layout/GPOS/PosLookupSubTable.hh	2516	228064543905b74d54ff70e81e5f0a2acc95b1fb5b96f1550979cdeed465f9a3	c19fbc323ff81748c1972c330f71ffcf6ca929bd	true	retrieved
harfbuzz	src/OT/Layout/GPOS/SinglePos.hh	2984	d4e0ac7f544d45743c5f2dda67d8dd017dafed4d154b7b4a88c1e2eb2d223596	30fc1aacda8b4e60ffa43fbcf673e2833c3ab9c9	true	retrieved
harfbuzz	src/OT/Layout/GPOS/SinglePosFormat1.hh	6286	3c614cf195fc4e3e19954547ff7c876608c3ed40a7491fd05e6a5fed39e86d3f	4792a4974da8f719e2c0e510c519f17297f1ad3d	true	retrieved
harfbuzz	src/OT/Layout/GPOS/SinglePosFormat2.hh	7289	508a8969756d0ed791689729702014729b90b6e952161ddca58080c3ec6b6825	dc92f6a5232c3d1b241a259ad7682e98bc77a3e0	true	retrieved
harfbuzz	src/OT/Layout/GPOS/ValueFormat.hh	15834	671d9a5ea0f61a6a1b138f56b847b563d5d458ca12f2e636fbf1946694650d02	924fd78478cc546b0055f974b8924a7754c512e7	true	retrieved
harfbuzz	src/OT/Layout/GSUB/AlternateSet.hh	4065	ceb19c604610722ed7096405f53c9b77c2bba152f3df980c46936300d2d5ec22	0437cff463b25c8b1ccca1d25497eb33ba13ee4a	true	retrieved
harfbuzz	src/OT/Layout/GSUB/AlternateSubst.hh	1857	8c3cb5803041903695c6cbc3a75f036f1e885f4eed0e95360327b59abbbc6878	08b1dbbee726191011e962bc51d55f2e692af6ae	true	retrieved
harfbuzz	src/OT/Layout/GSUB/AlternateSubstFormat1.hh	4808	688024945daa2d7ab89fabf19e62d1b2d531ff1592373db9326d2e6494c4dac8	294855907a74776aa1c9a631b3b85045188b0094	true	retrieved
harfbuzz	src/OT/Layout/GSUB/ChainContextSubst.hh	358	906b673e7e03c5dcf9da4f60596299b2d3336a26e4553b60325b4a5536e95344	08fd779f73096c9c73ca5806a339553457e70d64	true	retrieved
harfbuzz	src/OT/Layout/GSUB/Common.hh	391	ce87391d986275cafe7b830db774c538b2a799ede2fc762786a0ae602a07a9d7	b849494d88aa17458b4af6a6fbd07119118dd114	true	retrieved
harfbuzz	src/OT/Layout/GSUB/ContextSubst.hh	333	188c24bb3603b4f580ca8b6c2c415fc7766b23ad8b2e519723622f85f76bf4d8	9f8cb46b5e20960557fe59eacc9a71b91ac82318	true	retrieved
harfbuzz	src/OT/Layout/GSUB/ExtensionSubst.hh	435	ed6003a5fb8e6196367d1c474e646c12c008bc26c551f987e94b9fef210e4383	831a7dfa2d1b79953272a54180b499592c0050ed	true	retrieved
harfbuzz	src/OT/Layout/GSUB/GSUB.hh	1471	d0e6b777f8788ef485b21dd7cd58550ad7af9f877b4f7a9f7b4b369e0a7bcf15	900cf603e45a3f45e8fe61b667bbf3b271c57fa5	true	retrieved
harfbuzz	src/OT/Layout/GSUB/Ligature.hh	5196	408723feb9e0bb6a98c52c4f1d98074eef6a381003fe2da24caeaa907c6bacd0	dfa46b181ce10b286355a96ca3acb560c9433bb0	true	retrieved
harfbuzz	src/OT/Layout/GSUB/LigatureSet.hh	5479	97014387333fd70eda1a1ea2a0b1c5c1dcfe094ed3983faaf471749aff12deef	e3987947566efb4a71a276a663d24e0b9bb0b176	true	retrieved
harfbuzz	src/OT/Layout/GSUB/LigatureSubst.hh	2359	ae32826067ae94336f1b9675b85cac9bfc248ddc253cbef4aff9db9ce77f0694	406d91ecae2ba64f23d0d43839395482cc12e4f5	true	retrieved
harfbuzz	src/OT/Layout/GSUB/LigatureSubstFormat1.hh	6725	894a062f7866ee44afc0cb55d3e03700e4faec3f6b2b27b73ee66dcf656d832f	909ddca220f153ddf5f38f6065720612e07c6ab3	true	retrieved
harfbuzz	src/OT/Layout/GSUB/MultipleSubst.hh	1527	a50b9e5f27003f5fe7b69dc8ad2e94c5086422844753bf94c6804b6e58a372a8	2ff59ad9788466672d1b85f40a1c160d995aad3f	true	retrieved
harfbuzz	src/OT/Layout/GSUB/MultipleSubstFormat1.hh	3796	6feafe9e64dee18482154b22a5b6e6a47f1d561453e9ea47cb2eb8976b9068ba	441d4dee0cbcf36d1c7aa51cf5ee5903ac16be0c	true	retrieved
harfbuzz	src/OT/Layout/GSUB/ReverseChainSingleSubst.hh	927	e29d280202e981459d199ee96d3a120c1d25fe7a279ff9b3ce12a8fa8de3250e	e33148d770b5b9903fb570d877ede565d424e518	true	retrieved
harfbuzz	src/OT/Layout/GSUB/ReverseChainSingleSubstFormat1.hh	8411	d89a8f59f0eda1da960a134ac246898fad1b0e4704bc2f1e4839730bc8c7e6ac	1f598cc40f7c2ed18b2f35c48d20223321c6d4f4	true	retrieved
harfbuzz	src/OT/Layout/GSUB/Sequence.hh	4263	bda7fcd3f4cb8ccb1a95e78ae920ac5dce8f67c83e2a11d3f95fc1309a8a579f	8edb0053b52dd9928d76a3bbab35a07eb3783820	true	retrieved
harfbuzz	src/OT/Layout/GSUB/SingleSubst.hh	3154	1e73246b3e8dde055e7775754a96f0b9091fcacab34949f345b99f12131271da	7ffe3a68b8b078d1a8be4008b838ca5a71a70a47	true	retrieved
harfbuzz	src/OT/Layout/GSUB/SingleSubstFormat1.hh	6996	a3f4a5cf4050e2cdd1ba0bb59f003191c6e540600396602cbae623829133222c	1cd3f9d9cdff8e3b75628ff2928c73451c7ea305	true	retrieved
harfbuzz	src/OT/Layout/GSUB/SingleSubstFormat2.hh	5291	993614eead2b932411fca6e900d05d8e0369daf42375e794ceb7561351f12828	4c98f05aebaca6a502e3f9aa8701adb2ee61e306	true	retrieved
harfbuzz	src/OT/Layout/GSUB/SubstLookup.hh	7256	7e1e215abc8c4b72d4784414445f515d97a211b40cf2581b1d8d2c829e56a1c9	d49dcc0e0fd6a565b8f57c376de9bd03a41a8c71	true	retrieved
harfbuzz	src/OT/Layout/GSUB/SubstLookupSubTable.hh	2506	9f6a46682543981e215127a84b26af9279b196ef997e6eadfffc199cfbd0db13	a525fba039971fad10378cf13441d217dcbb053f	true	retrieved
harfbuzz	src/OT/Layout/types.hh	2502	e458bd913f7244bef562911f7d5174035c57183c35623f89c84c931cfc7ae1cc	5cf9eb368aacb43c75d29c2a8847688be0a720bf	true	retrieved
harfbuzz	src/OT/Var/VARC/VARC.cc	13186	dcce18bd91ae466c0ba0e2bf4edb76bf174e3183cd2b4707de91387c84388f64	7524686d30b994a84a212f1efe902655cda3c18e	true	retrieved
harfbuzz	src/OT/Var/VARC/VARC.hh	6307	54a52b2ec2a65e11831971e7a82d420995f42833b8a5766c569b011c6f2e6d73	719302c93e4641464586b56068c3815607fb289f	true	retrieved
harfbuzz	src/OT/Var/VARC/coord-setter.hh	1358	c681f66bcd365e0818a9db801da38a4677be962f11cf82cbc7ef96d022e48bf0	0df524ed23eee78bf3cf102321259bf519e56dad	true	retrieved
harfbuzz	src/OT/glyf/CompositeGlyph.hh	11667	7e1a09a2e04438d768cd943e711987254f43f80df83c38e72f7798a1a6a7e5a5	e2ec4a80e32f4a73de2f22cfdd6e145ec55df93c	true	retrieved
harfbuzz	src/OT/glyf/Glyph.hh	18319	5f47e7fe4fc5f44614c2a27d4d1c277daf01f3a74fad500dae282e30eb655f2b	83d3eaed0a96f8404aa3dd87d56903cb92e46113	true	retrieved
harfbuzz	src/OT/glyf/GlyphHeader.hh	1519	097358c6babebac698266e9783d510db5a93890defb1199597ab9c11de3755e8	a43b6691ab497f81176815601ff78ca59a0bbfa7	true	retrieved
harfbuzz	src/OT/glyf/SimpleGlyph.hh	10406	05c42ce1da4a198aa8ef55c2ee6c753a6bd38aa22b23e80bc87b5ef4f95b7e27	9f4a2bac5b16bcfe50eebbd9d272a9d9d008cbf5	true	retrieved
harfbuzz	src/OT/glyf/SubsetGlyph.hh	3815	5f5271e2ad4c4e693ab61bd2b44e5e7806ad319f4280f12c114a1490edf38261	fe63066e4136b81b776e83a89520fc340c74b316	true	retrieved
harfbuzz	src/OT/glyf/composite-iter.hh	1648	de1d0c657a0943ef4c179df358b11932118bb46b0f7e17cbe2d06b3294d9d37f	d05701f3d1ef3d0d7afe9dcef17d23871fe52ddb	true	retrieved
harfbuzz	src/OT/glyf/glyf-helpers.hh	3595	b8667b0946124eaa06825fef39e42206fe0cd7c6772a7d4f9c529c0197b05483	f157bf002007078eda41929d0f7e4bf4b756ec4b	true	retrieved
harfbuzz	src/OT/glyf/glyf.hh	17527	2b8ac24257f236cec4a51f8dc68afdd54fa906f64a304864497566937e962326	71989d8df4a9f3afe7c77c0ca134cd106eb33473	true	retrieved
harfbuzz	src/OT/glyf/loca.hh	818	66869ed7f1fc2f501111d0b6cecc226ebebd00e8ed0c0c79c94804d031c46398	4481cba8ed2d58f6d8c30d6f195200571e96769a	true	retrieved
harfbuzz	src/OT/glyf/path-builder.hh	4830	69a3fbce6c9cf21bd2ea53f6357631d2a91268492d9071c9a50ec3c4fca000f4	859cd577fe4d9cd31247f0e14fa6d2b5d4b6b371	true	retrieved
harfbuzz	src/OT/name/name.hh	17555	546300a81ec42829b62e7eea05c893524c117e11de607a5efec74015d07a8724	33de82d35b678fbc1b3a139468ae09eea7dfda4d	true	retrieved
harfbuzz	src/graph/classdef-graph.hh	7965	24747deed716233b04712554740bad9dcd137a276ba89d1f2905c228c5323b5e	d1f38b9de8ab15a5b1e9b4434fad1cb7de5f221d	true	retrieved
harfbuzz	src/graph/coverage-graph.hh	6711	35817338c0c0a278f65a5d1cddfa152cc15ca66c5d6d84fb1af825e5377e1571	46c703524d98e483f8807621cd1ec7000fda5c5b	true	retrieved
harfbuzz	src/graph/graph.hh	47542	73dfe051c638d51a5ecb44218169bb0823dcb803f1fa77588ad5bc261c25679f	af8b312580aa3826e5cb57479be8034591020419	true	retrieved
harfbuzz	src/graph/gsubgpos-context.cc	2227	bc55f636037c8474ac74982b148783ae3c1d5b4407360bf62694af44e009c415	d66eb49cfd2e28205bfc73f610d6a10ea225ba0c	true	retrieved
harfbuzz	src/graph/gsubgpos-context.hh	1902	2068386f669550fa9559ea482b96ec663a1494f347aaf1f53bd72d839d55cdaa	8969d007879c1f3bd40482ac6ac5589c0cbf25ed	true	retrieved
harfbuzz	src/graph/gsubgpos-graph.hh	14631	c657d40366e1181606d3e26bf04f710fd5777f22bbd089e6204085cdcabe8b42	ea6bcd239a03425c6ed03b7cbb7a45d3cd2d3bd4	true	retrieved
harfbuzz	src/graph/ligature-graph.hh	19178	4f6897b09d2aa4c9ddfcf0748826f36ecffe7e89cef7d11942632438cc26abac	84227127347ebcae2dc7e67d0dc377b0a98cc833	true	retrieved
harfbuzz	src/graph/markbasepos-graph.hh	17158	b5372e6c5321cc6c1a72ee43452db3d46cf2ea937fe0a0fac82d46ed280e5c6e	6d1a3d4ae4b0fbb26f90d1bd7ebf10f9b54ec46e	true	retrieved
harfbuzz	src/graph/pairpos-graph.hh	23496	2266a397138275e77505411a64b7604e5a624147704ed2d12ae5818852889331	85950b63457c51b6cd523486d5e4de4ce032cccb	true	retrieved
harfbuzz	src/graph/serialize.hh	8361	5f672c10686cb626df7776e21e3a82c8694ac00afb8306cf9d260697f1dbd512	37fac8909e508faca4a37e3553e7de95fe620d31	true	retrieved
harfbuzz	src/graph/split-helpers.hh	2109	568493e6246569d653fa2751a74ffe380a32198d79f370588b42d8f014c48c8a	f1f86e332db93592984031f05079ed46e1b98b43	true	retrieved
harfbuzz	src/hb-aat-layout-ankr-table.hh	2788	b6941750b297df62c7ed1fa398e23021e58975fadb162184b96eb33707de2de2	dbb38b1bc0775aa528a0c7a2d4189527f573552b	true	retrieved
harfbuzz	src/hb-aat-layout-bsln-table.hh	4636	545cd27969681a26efef092a1157d042f1cdc56532283b436ada6a3cc0dc4feb	8e42fab2e0474a4a2cc42a8daa28246d78a65f99	true	retrieved
harfbuzz	src/hb-aat-layout-common.hh	41519	8e5d8a4e39adcead7ff5db5bd967668a929644721b8bab737fca64b231f7dad9	b63e7916290c88ec9d8ce673881b6ddc807b9590	true	retrieved
harfbuzz	src/hb-aat-layout-feat-table.hh	7972	2a8608b0cc97a9d18ea744bc7c9994e845d1ae9fa384f5bccba0b9c404db1b3b	4fbec332eb7ddc1a4882456a3141a658f7cc2fbe	true	retrieved
harfbuzz	src/hb-aat-layout-just-table.hh	12997	fb044098c7ad9aecdee121af61360bcde182cb1b09bbb4d7bd7abf33b4fd813b	9531b5e4b31de54c2a5a0b9fdb212feb17ca207b	true	retrieved
harfbuzz	src/hb-aat-layout-kerx-table.hh	35501	9178046d01e10ae9a3abeda16244ca93fa32dad82647b18b16fd637758e57159	471bd187b99692a0a071196dba4a6cff2fac8e77	true	retrieved
harfbuzz	src/hb-aat-layout-morx-table.hh	45705	410b4f90c944fa8d38bf39c453b28638160a3a1839c6233d5e26f19160dac50d	c25833cf281316281635440fb14069f2b9aca5c4	true	retrieved
harfbuzz	src/hb-aat-layout-opbd-table.hh	5236	6494e88fbb9817e2264d7823bd28546c23407ced0ad91b3be04b47495e8d665a	dc75f5db57b395274f8bed5aad1661eda6ba9da2	true	retrieved
harfbuzz	src/hb-aat-layout-trak-table.hh	8011	de412a04e502477f607b353092b5e34836193df27434887d170810bdf603d7eb	14a7d57944721c5f048fb369d25284f77f23c959	true	retrieved
harfbuzz	src/hb-aat-layout.cc	27149	48079e9d3b67128746eb98806d46920b37892c8c6ebbef8d2c7aecec956be8b6	a48c4e0bcfeb39bdebef8810d5c982fbf47f5620	true	retrieved
harfbuzz	src/hb-aat-layout.hh	2434	1a0eb4aac2efc702de0714180dc66669b9b9dbe57bac5470986630f447a3885f	8b80fd7974befa3c4922b6e3bd705a76260cf87e	true	retrieved
harfbuzz	src/hb-aat-ltag-table.hh	2650	6d4a919be4c83e4826ef120d6fa2ade98dcae3d92f7ccb98deb3ba7e30c7e53a	c974025d446bee4e6ce5a184184a844a9d0ce9fc	true	retrieved
harfbuzz	src/hb-aat-map.cc	5994	3abb6e4f0ce0411cad22bf8866e2bce81346657ed61bd40541dd7f1a2cd24da8	0b85c901e8eb8ba516645b4b125da6c9101d2b18	true	retrieved
harfbuzz	src/hb-aat-map.hh	3512	8e3ed982d7d742470983421c6a34ae7356aa30e349adbb8e77e3b43b5cbec1a8	cb22ffee42d283dcacbbec09a52a009780cd2c8a	true	retrieved
harfbuzz	src/hb-aat.h	1243	bce10093cad39cfbd5355d763368b22a04ae2bec9289ef0642e5f752bd6e79ff	c14313d1e2efa87e1ba0f6d8db70b5b80fc6ae02	true	retrieved
harfbuzz	src/hb-algs.hh	49895	edc4a2b4ac380597fe2ffab56f439fdcaa30f7184f751e04ea6493697d92bcbc	b28a587d47521efef945171451641ecc6247d303	true	retrieved
harfbuzz	src/hb-alloc-pool.hh	3637	60d402ed5b22471a8890e2345722cac0f7850276c5a703551a3cfbfd4d2d8bb4	effea78eb29838050b0a22041e0f8b6bf865d683	true	retrieved
harfbuzz	src/hb-array.hh	15277	c83f89c941d2548d7a586e85fe66759a4d230339449d69338c2f56902bd5270e	b0fbe1b60045ccb8c88a08e59abbef8f1f7d875e	true	retrieved
harfbuzz	src/hb-atomic.hh	9178	5d3170200109655501262b9c2e20d6a1fd0e9c29818891c82e7ae1f66c05a8b4	5ea99e391e19d58428bf895a8679a49f74f5f186	true	retrieved
harfbuzz	src/hb-bimap.hh	5411	8e0e4c4d4809c81c763f62e3da3fd8de4e0a15fd8913570074ed318714afb5d7	f9c0e8870ff429f771195dd70522096d9b53f26c	true	retrieved
harfbuzz	src/hb-bit-page.hh	12054	fcff849e7076d4efde4ca1a63f1e19c68b4ae08e117d57876b9e222b13c3e039	16d5886a2cde5669485b68ac266568376cffbdbc	true	retrieved
harfbuzz	src/hb-bit-set-invertible.hh	10891	3ae44ee13efbf8e2c0f8f0efb6d5b2c3f2a8f68c5ea043479002b0086302c749	48b2e218423cc07c85900f79bbc944aece6ae14d	true	retrieved
harfbuzz	src/hb-bit-set.hh	28608	8368d0796ef7cb9cfc7396b38ecb51ce6617fe514558c8b862985dec16f5cace	05725048c2a6d36bbe3dd8e09bef61914ce80dc7	true	retrieved
harfbuzz	src/hb-bit-vector.hh	5355	1b871a7fc4301a8e1bceed2c0ba29708dafd8540eb582222b96a704bf5925897	58084e59a3d7e1c9acf8891d6bb27c391438fb79	true	retrieved
harfbuzz	src/hb-blob.cc	20476	4293a719d5d4efd833b08064a2a6214acd246ff87f7b0bc9e2c2baadfe43d6ae	c363636d643918f6f6f86d09c5c83998daa729ef	true	retrieved
harfbuzz	src/hb-blob.h	4731	710fe0a1be3b3a344154939be9bf6cc30674f6abd4ae0fcc0d3144b9d6b9a6bd	db50067e164f2dd3135c8face29cdc9187f938ed	true	retrieved
harfbuzz	src/hb-blob.hh	3134	c85f92231c5142fb432ea74de26203e361329c52d2ac0937651a2022c80e1fed	7d28c161f78912c1cbbc09f992e69e845f2d8106	true	retrieved
harfbuzz	src/hb-buffer-deserialize-json.hh	20147	e9397e10fb4c6c0c6b5122426a50ca9c1637e22eaa870855513cbc38f9beab17	75a1a1129869e3b182d81bccbef5c49fb28913d4	true	retrieved
harfbuzz	src/hb-buffer-deserialize-text-glyphs.hh	15939	334931b95b7adcdb6d2ac045f3deb241652c7eb9bd9683a114e6ed4811434ea0	8c0353b3b2a9dcdd8d5ac9b26ebb88ba6b275cd9	true	retrieved
harfbuzz	src/hb-buffer-deserialize-text-unicode.hh	6504	a41c1ea83f4d307514344bc1134c9bfd177eab9f97b2610087994ac78d0830c7	26ec0b42257c91ddb8fa9778bdf32f296b23a301	true	retrieved
harfbuzz	src/hb-buffer-serialize.cc	26906	5183baa2a92c32b1dbcde08055232d801bd70eaefb9c4b7d85b6320b868d9697	923524d708ae23146b27b637f87c179d988b2b44	true	retrieved
harfbuzz	src/hb-buffer-verify.cc	13216	4136e6343330f37612876c63a686c8d30a899fdb8e48374fb99c3eb3be5fa034	e1ccd5b94e90c8e17bd109edbd38471ac3f49839	true	retrieved
harfbuzz	src/hb-buffer.cc	61109	e4e140cccc531fb7083ef9ef74bba9e8ec690f5f6cdd5dc8ba4d6b038096ee02	3da6577bd104525c55e5c7d7feb97162c284b90c	true	retrieved
harfbuzz	src/hb-buffer.h	31931	c9d608ef2ab9fdcbe3b285418a3662fb075a579fb7fd3010e75cfb1ae8263566	f534f9a3a70dfcc6cedd7de4e5c9ba978033d0ca	true	retrieved
harfbuzz	src/hb-buffer.hh	21791	3834f53bad5956cdf8201b194f5dab97794825140acc1973c1bc893dd9ac7a85	770beeee3ad0adbdaaf9f8d45be8f6bcc40f683d	true	retrieved
harfbuzz	src/hb-cache.hh	4195	0f4cb84406ff20b272de6b40017d7155b7c8845a55fc904476a78bddd3651ca3	7600f134f5ed00b276c4b873caa091155d1177f9	true	retrieved
harfbuzz	src/hb-cff-interp-common.hh	20027	69ee69037b4d402970f31f63d6a556b71e2e1ecf73512e2536128cb913684da7	df90fb99a03779b7ea87f0209b4ae52af13f00a4	true	retrieved
harfbuzz	src/hb-cff-interp-cs-common.hh	24089	6bb1f058cb80474a99b9f635bebe08c9545458adb79ec9c85a8c5642dde1a9cf	28a777eb0d4a2129c7f765d37f9dbba3a6fbb783	true	retrieved
harfbuzz	src/hb-cff-interp-dict-common.hh	4900	bef4442015b5cb9cad8051fb6d3ed8ddbe2883bad3dfe1c1bed3dddbe6447d92	b513a1e8c239e8be6f1cd9f1274721738b3c0d9d	true	retrieved
harfbuzz	src/hb-cff-specializer.hh	7919	00dc725a80a90d9eeb45d87cb958d04df696f5ada0012090120e9e81153bcc63	5b4dce5d03ac36561f4a1d91f8ad412d47e75b63	true	retrieved
harfbuzz	src/hb-cff-width-optimizer.hh	5604	bc48c9702a1e12027a9b4918581cd135c6d5c415ef3497b8666fd9a848405477	e105dae4a5374c345084fe928417c5dea84a7488	true	retrieved
harfbuzz	src/hb-cff1-interp-cs.hh	4296	a8533e1f78ffdc78540864cb7449123efbc3b9bd8f459fce11fa948cecfa11f7	d8868efa53f9cf95810aca7dd8c8e052e645dc3b	true	retrieved
harfbuzz	src/hb-cff2-interp-cs.hh	8662	33f6d27d41a1a470c8dd644c011b00530e6a7dca842b15e8bfd1fc107c00f70d	c44b024762096997accb75808fd779bd97ef1c2c	true	retrieved
harfbuzz	src/hb-common.cc	32249	6c3916962f3dbebfdb40e27d5dcd4eed25f0a8421d6df6151008dfa8a39d04c0	fe357e13099e8b40f6b0ad3399e5f75449444dda	true	retrieved
harfbuzz	src/hb-common.h	13195	a8d4765469856d6a34ea2fad587665cdae6aba8922a985eb4d715efce3027f74	49d4294d0d07eeb7056d957673398f0656f4cf16	true	retrieved
harfbuzz	src/hb-config.hh	4510	b640c239c4f47c09be08fddd7dfb4f52b5a6e7931fb53a61f903b8ee393b687a	b508c4e7977ecca64f1e27fa7f91aeb86c1591b2	true	retrieved
harfbuzz	src/hb-cplusplus.hh	6515	6c6b2a5fc07451ba4d4b20233ffe335465dfc7fad89b0c2561ea31b51ab3b22c	14944eeeaee7bd4653fecf6b30d952e8f0f284bf	true	retrieved
harfbuzz	src/hb-debug.hh	12077	16db8804e53f89441c061fe0b50d20c2fd6d5af1826f4cefd051c21ac09960b1	dd7343cd5ecd1d2220847eb2298140f7a0b87862	true	retrieved
harfbuzz	src/hb-decycler.hh	5451	0632868b53758e45ee832a0910e3a8e23f82e0407a2c7d19603e16ca0b1e2558	95b961027bf226185cbdd4a65f230e239b7ed6a7	true	retrieved
harfbuzz	src/hb-deprecated.h	13343	d0b32b536185fc9ee042e5371b581c330fb871d546a7c8a775f7d6d635b7dfb5	849869f39d223d467e8bd380be590808ce9cf643	true	retrieved
harfbuzz	src/hb-dispatch.hh	2301	38359a6994ce7e90db1a9473c16e0b692ca0bc4770f2427bae09becd0024ad80	37ca68146536973a8923abaa3c2c6165c4bfcb2b	true	retrieved
harfbuzz	src/hb-draw.cc	14346	cb45e7bb07657df627649f95e7198d948bec7c785184d826198032b7d0dd29ce	30ab86d33b08cabef9791c2f57271efeeb61912f	true	retrieved
harfbuzz	src/hb-draw.h	10111	11ca1a975ec0262120649e8164d323aaa4e652dad53bd87eb2a89356b8706d1b	76aa93f110a34b635d955e53953eaa5f24e30867	true	retrieved
harfbuzz	src/hb-draw.hh	6274	09cc062a868f72adc185131f1419834c9eeef32cf72ef61203ef2a6e0f58b529	201f2202e852f68f50874a1acd9b80e03265b562	true	retrieved
harfbuzz	src/hb-face-builder.cc	8285	b54aa21153e59eeacbbeef189b7589c2aec93b16f19aead32808041591df931c	c3ddcd856b7182eddc395dca1e05a3606b417c05	true	retrieved
harfbuzz	src/hb-face.cc	25917	25f948c13f89280691cef8d28494c0a514dfc3fdaaba860be4128bae0801d8f6	b0cc787d0d132324422614161e94e57f565b49b7	true	retrieved
harfbuzz	src/hb-face.h	6453	1e6b179f97b055c48aaadfe31adc20a090cf463336e7d11b83b834667e88f9dc	b8386f0afb1cf0d7ef9ab1082152609a1aa083b0	true	retrieved
harfbuzz	src/hb-face.hh	3141	762b077dac9761e60f0bd4bafaec2dc5b84328348f5d543df9d4796b79d2a0c3	77c2437213cab62ca35d230ca0d734a0c069f463	true	retrieved
harfbuzz	src/hb-font.cc	100087	88911f1db94100ce322999f2cee219e30d8ccfa115e994f0b038d7db0af8653a	fe94e2ea6c5bb6251fca21f82bb5627abe22ddac	true	retrieved
harfbuzz	src/hb-font.h	41731	a7b0cb846e3cad88578a2435483bf64f6b164d4a63a53e4d79e6228bc0053e73	16b7f552e0f2744a9185daddaed9a4761af3af3a	true	retrieved
harfbuzz	src/hb-font.hh	33559	559ddf0d66f27016847563fa5d95d303a3747a06d393c1ab0deaba13ab6156b2	8d7bb2703c1469dab1fda5289b2bd43a97b90c12	true	retrieved
harfbuzz	src/hb-free-pool.hh	2893	a6418d89a9cada235861c64ca4ea5b406c1504198b1e0c31880132b57a9c1754	0609e39546efae357e29d62af2b32dfb997c09eb	true	retrieved
harfbuzz	src/hb-geometry.hh	9804	dc27b4c803709be39beb143d829e7e069716b875f25b5b6e819150928e6da14b	60f4e692c0d61d0fad8d7b4e5a21892f39754740	true	retrieved
harfbuzz	src/hb-iter.hh	32141	088250337a3ee2406c49f7b99eaabba755a038c12738f8dfae699c95f55e98e1	ecc30f4e14c3dfe39112ae7c185d9523c60c6c6b	true	retrieved
harfbuzz	src/hb-kern.hh	3608	7d161b47616b37c22897f491b1eebd922b52b295ed32c85da6f530faa60f39af	e1ebf90742d35753de827ac07db741c4164977da	true	retrieved
harfbuzz	src/hb-limits.hh	3251	6ead6aec112df83becca127c373188b954e067b2e5ce2a2286a2f8f12fec2776	c115f9a8663491a440a2de4a2246059d7bf9c2c3	true	retrieved
harfbuzz	src/hb-machinery.hh	11456	b9111876333a14878fee93b62a4eb2fbe79ee2026dd8dafaa8b1e56e87e39fc3	869fdba0ffca137fe5f5e8c1a5837bf07ac0ae3a	true	retrieved
harfbuzz	src/hb-map.cc	7866	123f976e0db59c148b6f5e647be0e491a95ddbc90f8358476e25b44ffbb3f303	0dc9246f129a5ffff3868eeb01bb43b5d8d4ba3a	true	retrieved
harfbuzz	src/hb-map.h	3347	b073aa19718e43e3535caeddc0015a4e45a89032a76059cc5ab8f3f0d220bece	0ae171714ec45ed807c6f40747bd96e369f764d1	true	retrieved
harfbuzz	src/hb-map.hh	15339	3f5340aebd4f47179f90925b621bdf21845c7408733b6ca7b5bda12dda198c0b	fefdbb19de0a2caeeced9bc9ce952038983bd5d3	true	retrieved
harfbuzz	src/hb-meta.hh	11086	f3baabab3cd19d5916b283059eb6175257405948ac2865729be75d302d8bbe7b	52ff4a841273ffd3d4b3a5f8d43da76870298cb2	true	retrieved
harfbuzz	src/hb-ms-feature-ranges.hh	7255	d9b4947a97832e159e8fd6f7b201965d0128d755a472c43905b4cf1713b66f4a	23a5c6f8b7eaab2e43246511ac1b9c7e5b7c5661	true	retrieved
harfbuzz	src/hb-multimap.hh	2378	f16feac27df49c23231915e72553996889ec42c2c1a2d63ab1ee931bf669f5bc	0184279c127606317a16995b0caefecc8dfa40db	true	retrieved
harfbuzz	src/hb-mutex.hh	4295	450e83b3636c77424bb0dc693eb59bddd7241ff6847f170f8a194225680b820f	5942fbea14831dc1c0dfca252b90543c16018618	true	retrieved
harfbuzz	src/hb-null.hh	7992	13b47cb39bf5391fb209ae1b59545a4ce8b5fb016132687b29b7c2d8b3207ac4	3588f6ab2ba84f83bd31dc0bb800ba68b7301620	true	retrieved
harfbuzz	src/hb-number-parser.hh	5390	dc718e38d16508f8eaed9d13c8c433a445f457dee085cc04cbc239ca10a9cafe	1a9dbba6dd3dc9766ff134c5bc53512a38d6affa	true	retrieved
harfbuzz	src/hb-number.cc	2414	6b9fefa647a42ffab352a3ad0413627700bc15e228adde4aaa7be8bfa1eb61f1	c52b284e1d21eb9dc46becdb329edb750bde92de	true	retrieved
harfbuzz	src/hb-number.hh	1502	44f1c28c9317ab5c125aa9d837fde597f340e00a7e2dba670f9879405439eb4f	14d1260aa3da34534e857f6907eaf1d05e549cfb	true	retrieved
harfbuzz	src/hb-object.hh	8648	5ae613317e85ce4ccd082b628aec4879ac8232c8d67f2b1c5dfba6409e32a718	3fb387978fe1ff9223309c4867c6735a2a70959a	true	retrieved
harfbuzz	src/hb-open-file.hh	15753	8701b58c7caeb18ea4ed02e9abce82342c5c1b0f8c55213646efd5515114818a	6a53a7eb31e3344d7f082d9630e8c3d625aa0b09	true	retrieved
harfbuzz	src/hb-open-type.hh	61646	08e7877f51962b3aacbca0273a77d450f66f1f12bfd58ebca2e3bb3f702a593e	44508e7eb1dfd7c43ec949ee580c27fafda73652	true	retrieved
harfbuzz	src/hb-ot-cff-common.hh	11038	6ad6cf4c27d8e36f9c67ba86d32b0428b814e24318f9e9248c17ac4a1e7348ce	4308a73442b0af187201c110506e01ecf00de084	true	retrieved
harfbuzz	src/hb-ot-cff1-std-str.hh	8612	319cc1238cb5c72dd04684858e0df16bdfaf5d1051b504cd8447528c9378aad0	bf56abb975cf97f9c0776bd700d022bc8759837c	true	retrieved
harfbuzz	src/hb-ot-cff1-table.cc	23687	f3307bde4158d1ec455a0fd65aa297ed5368c504a5ba85937e0da8d56e33c0cf	8b666a3d0c2e7a4cfc2292e070c90f11fe74dd15	true	retrieved
harfbuzz	src/hb-ot-cff1-table.hh	42938	7fc4d0e9dc57d46c7518136816d626bf81834601f668f6dc00d54077b9ecc8b1	66c375b2c6a160d5a6c57ed94dd896084207362b	true	retrieved
harfbuzz	src/hb-ot-cff2-table.cc	7193	b3aeae09f7f6df9899a1667ccd210a5f03418d13cfdc931343f6f6fec3e4fe2f	bec1397ed5691b95fa50b5a2d3043aeb14f26932	true	retrieved
harfbuzz	src/hb-ot-cff2-table.hh	16242	e860d974e1cbd340e69650c7f4bc2c505d6e1ef7fec68386ebc69ec5ea63a85f	490077a67f0a90532345c28c622d24c7a1adf33e	true	retrieved
harfbuzz	src/hb-ot-cmap-table.hh	69870	7778f1a2adb7bf8afa0caaa08a8d33dd5a0ef0f6ec8ad1f9f2bfc95cef2ad988	6765c557fff37c44aabc849330dbee34ceeca7ce	true	retrieved
harfbuzz	src/hb-ot-color.cc	12006	4bf18d0dbe6bff108628dcb54c4d2dd25a905c010b120adffbcc90df1331771f	34cdedb636ede248bc1f3ca4f5e3e006590d9020	true	retrieved
harfbuzz	src/hb-ot-color.h	5118	187e95990bb37e5e124ba7fc2fa8b42975717502531759a0f298916df17d5158	eae339f82c9389ac4a27bd8d309c0d19e21e1bc0	true	retrieved
harfbuzz	src/hb-ot-deprecated.h	4130	c3a9878ac0633d5e6d7e16821114ad4555458a6924100581f0d16fef5728b1c4	60672ab1283ade94b47510cf54f5aa7242f34d33	true	retrieved
harfbuzz	src/hb-ot-face-table-list.hh	4170	c162d5f1cb0e6915a4a125d17c267a1d91dd9247e69249ebc1bca7ae698fe2f5	9047b2880ab1a52b5b23e958a7ff8165e2dbaad1	true	retrieved
harfbuzz	src/hb-ot-face.cc	2085	a8cdc4a58bc5dcc48ba691e529af05067aa7e71c3bc848f66f3fb5615ba1338a	d17f088073c309995ff712d9ca777da9f672fd84	true	retrieved
harfbuzz	src/hb-ot-face.hh	2557	768d8db9c13208e111ef32a0d6d3abeb51ac3463d095657589cdc2f258e1c722	415dae8e2095de3598f400da96e830888e268370	true	retrieved
harfbuzz	src/hb-ot-font.cc	30645	0d29aa2a41a1f58ae2a7427886f2c42825a4c38d906113e8d3c6ada4484d00f9	bc43f5f0e765e74f3aca6025067ce0ca6c1110da	true	retrieved
harfbuzz	src/hb-ot-font.h	1410	e62d178aa73ef9c80b08d3c076db3e99bb8cb4e8219e978e793ef7ffe965f8f1	e7959d1ae28eae6104e6c9e79183fc81947a1a98	true	retrieved
harfbuzz	src/hb-ot-gasp-table.hh	2369	0c50108328bceb4d568ad6d5661b4905963abceafa97717d7752d50bb61777dc	f2a9cad464b29f71439a36fe557f8af4e79ebdbb	true	retrieved
harfbuzz	src/hb-ot-glyf-table.hh	1367	b9631df8e7c3a6f72cc44918b7f5163202ddf645eb8c38648a6bf9459c58b49a	c32ff7636d5def9772962f7e4a764038b174f061	true	retrieved
harfbuzz	src/hb-ot-hdmx-table.hh	5137	9f470948bc85cf1ccc65640aca21ea89a41e42b7761a0a1029bb97cd91b014b3	5c187ebbb0dcec185a4fb050d87f04fc69717cb2	true	retrieved
harfbuzz	src/hb-ot-head-table.hh	7713	7804fa4f333c9b8d479e9a73c89d1000ec8b249d14803462d999da09adeeb6b3	4cb6c15c6779b64cc5addb237ee36a34f3f99f24	true	retrieved
harfbuzz	src/hb-ot-hhea-table.hh	3406	635244066c849bc6bacbc77d69035021ac82149f49068f2d1f8552c863c67d39	27becfda3d4f605de0dac4b77e388e19daca652e	true	retrieved
harfbuzz	src/hb-ot-hmtx-table.hh	15446	4364fc2190ca08577ffc3aa1642d9f2660c5414ccff24260065c38b39cd3787f	99ea38042636788b92668f1fbb45e3ffe5adb86c	true	retrieved
harfbuzz	src/hb-ot-kern-table.hh	12371	ad06893b912e0924dec76f66b1513008d789ddefbf5d01359d4d8c5adeb0e869	229c6d2feb4df39c8799624511c85321ea6c04f3	true	retrieved
harfbuzz	src/hb-ot-layout-base-table.hh	26957	7476e3b5b5fece2a1afa5de82099bfd04113b0f7e509bb31e65d057619512657	2470e7e2f3c4c347ef028b41af87ebf909a01dd0	true	retrieved
harfbuzz	src/hb-ot-layout-common.hh	148815	97e36106fb40a4d9c54f8d3a04fa716e836e0bd8ebc0db751c91dd9fa4e36f6e	a9c03db3e46347d9134e7a0feabfe2e1eb6256ae	true	retrieved
harfbuzz	src/hb-ot-layout-gdef-table.hh	1349	f19e79b06516c0d999d38aca145ecf6f85aa3528c7f17f4f42df031fe1d78e0e	c8a2cf817a2aa1c14ddeff1b5188be346e172e12	true	retrieved
harfbuzz	src/hb-ot-layout-gpos-table.hh	3122	f57deb908794cfca8dca3d570e8fb4e9009614c56a2b03f86a10745295a9aedb	f6aabc84ac91f11b79b69cd0f3a0fa26d0821b65	true	retrieved
harfbuzz	src/hb-ot-layout-gsub-table.hh	3697	491e9f118d1a3b49bf402353d76dc0bd7567cf20bd405a6394e83d21779d9008	8d5e1f186383a2510b2eee145520b47b5fb40981	true	retrieved
harfbuzz	src/hb-ot-layout-gsubgpos.hh	160488	b55cfd828c6622afc75be4d14fb8ecdce6b69de0ccb3e574ea5734f6b1c8967d	1f24376e7223c89e5ec3cf495b6d944be2a4121e	true	retrieved
harfbuzz	src/hb-ot-layout-jstf-table.hh	7249	3de4c4aeb1c218c3b25ef50dd17032e7161731eba5067e184c00d48b9fd2ca0b	0ba7eaa2c5fdf3c94093385d67d78346ac194881	true	retrieved
harfbuzz	src/hb-ot-layout.cc	93143	214914de6cc2889373b6fef9f04cfdbd07807733b804942a9f078be6a5ce6148	f69274baecc501d883e298466a6a71840a08ad83	true	retrieved
harfbuzz	src/hb-ot-layout.h	19223	c7b0024750a50cef84cc81d49188e5ceab441ed0c24809fcb63ddcc449691f1c	22060ccf037e7c7ab72a0b9e1dba1d4f8d2d7c33	true	retrieved
harfbuzz	src/hb-ot-layout.hh	19846	a395746dbd9122b25dd12966f9d2504fec0499c09468d46ae6ea6177b972dd5b	945e735671f19c0bcfb999daf9f92d718a9261b6	true	retrieved
harfbuzz	src/hb-ot-map.cc	12733	6b4b92b7f6e7af908fe179e172bb09122eb1a6ad0fe5243f9402a0c96931d869	952ab3eb1e9318e1e2c19d217869eca6e6018c44	true	retrieved
harfbuzz	src/hb-ot-map.hh	9787	101d1b7eaa171a39bc841dcb8c11fb0b25d87dfbfe4f461fd090ab8881729404	185d133d71d12578c73edbcdd6f133b16f42e9e8	true	retrieved
harfbuzz	src/hb-ot-math-table.hh	38094	ec57bde3aaff2a9fc76badbac47c94d0dfff40e4225cc895c1bde940e9904426	f79808fa92540b864184c4f911f79d2d54a935df	true	retrieved
harfbuzz	src/hb-ot-math.cc	12300	f7aba4bd5c246f03c5637b90b8e48a1a06b6b17f903bc9b1159b6667b1b05a95	719a802d5e501e8d6c1be3c9b9bd68e0e691b437	true	retrieved
harfbuzz	src/hb-ot-math.h	13761	4e737e5ed9dcb3db18a64534a1ff2faf638ef720dc30db0ee821324099432f90	1378a0639a3471e2409c9f4138ecf247237e7368	true	retrieved
harfbuzz	src/hb-ot-maxp-table.hh	5178	8caf59ef81ab9e23e17e8fadbd202ee00c127ac1a58473e3b15b1a4c92502d9a	8f000526b9608a7d37da8afc0609bec8780f9700	true	retrieved
harfbuzz	src/hb-ot-meta-table.hh	3956	8692468fceb0dd4cd90d5f810460ee1d26921794dd08c63119e3334ef123de77	658db584c7d369e644cc9e8cbecd1bcb71541d2d	true	retrieved
harfbuzz	src/hb-ot-meta.cc	2433	345e857c42009aac9c049478127fa7279f9de1ab95d2a28f2c3021abf6474aca	35c8eb523f925ea6c1f85011362fdd77a9dcb520	true	retrieved
harfbuzz	src/hb-ot-meta.h	2553	1d38c9bcbc0d417f8b7e0e818c2f5f9b83d2abddc39f2f116cc0ae84157a572d	7748eb49582de37ad956b98567a12ebe65ed1900	true	retrieved
harfbuzz	src/hb-ot-metrics.cc	15524	0c8063840b86d0a6646949c0a6895be388d711805d6a7ea389d924f08b6993a3	e314d946b6233161a9ba462e1f9e19b0f9e9370f	true	retrieved
harfbuzz	src/hb-ot-metrics.hh	1363	85b44bf5a04c6a859e87bbc4602774ffd1ec984730a600ae4d6a2e57e9bf375f	19a5e9ed41fcd4fb65341524596bb7cb7359f118	true	retrieved
harfbuzz	src/hb-ot-name-language-static.hh	16705	9d3e308fd1467443c18b251545360efe80a2bbf68e02ab9fdba6f08f285b2167	0e0f2d632af246d17bde3598e13207b200743d51	true	retrieved
harfbuzz	src/hb-ot-name-language.hh	1391	a70e2231ad126d79c75009034485ff1c205ba584df1a4d711c3c5232d4745288	903076c0d562ed7946773a4f0cd39a8891cb683d	true	retrieved
harfbuzz	src/hb-ot-name-table.hh	1232	9ff82369883b752f707560c3e4b6aa9f24370bd3f9eaf88d30141f0a33d5df2f	85653224cc709560ee7fc3d32475af1e2f76ec30	true	retrieved
harfbuzz	src/hb-ot-name.cc	6135	bdcab8554abf1e7cd36dfd59c157f9e10f371768bdb864dcea0124cde5ff78ab	6adf1e8fbea5a38651625fcebf622eb339bace41	true	retrieved
harfbuzz	src/hb-ot-name.h	5536	5be924687f71a0f98149b1987f3de3fd766ed9e84c4e144250e97048a36cb1ac	03e664bb93f5423d61d39e28526b3e1ae07fbebc	true	retrieved
harfbuzz	src/hb-ot-os2-table.hh	12805	5b5ff8efe80433ac65bdcad03816102ab637f0f435aade2d9115d97677a6c9bd	c00d22b241b36faa799db00fc339ca3466bd2e35	true	retrieved
harfbuzz	src/hb-ot-os2-unicode-ranges.hh	10125	71e0410f0469d6471978ccfa31a2421068bb65a31d3c6f6c13b20664bcce49fa	01e6a46e63d199d97c0f09ec8c75fc9d77838a1b	true	retrieved
harfbuzz	src/hb-ot-post-macroman.hh	5696	48463e4ce19ad6726ccafc0decffdcc1fe12ea30b2a2b4d46c8a4d11aad4c594	269b4d3fe457ae68c36f4cf6202c888c9ffa7076	true	retrieved
harfbuzz	src/hb-ot-post-table-v2subset.hh	5121	915d50f238be607428b0d64d4865e43297f87b65d7ed9718e2ced7719e6a664b	67d1b6aa713a7aa50b4c3e6ed518c538e8212cae	true	retrieved
harfbuzz	src/hb-ot-post-table.hh	10247	e64b1953718c1c27048f4c5b2743db8371c6eaea55e829e2cf08ea5b4d98e678	2d8acd825b947b48735e9df751f58cd26f112480	true	retrieved
harfbuzz	src/hb-ot-shape-fallback.cc	19677	adfcbf1bba15c6713ab5ceb89a03d16280e0949db469102242b18dc041644c4c	ce7e0c03b4718a021566689146b982b6121e4f41	true	retrieved
harfbuzz	src/hb-ot-shape-fallback.hh	1904	7b6deee5ae42fd6ce433b4d64425fb47e3511c2c4feecfc7a68856ae0711f6f0	5faf5f2dfb1d66d3387af9087c338a64dd1d7e12	true	retrieved
harfbuzz	src/hb-ot-shape-normalize.cc	15460	b768f7f299c4ab33de5803ded170408d8046eeb90c14303d2c914b196c07d898	e9dbcd77aea131453dd32abe649516a41cc97ab8	true	retrieved
harfbuzz	src/hb-ot-shape-normalize.hh	3365	381d0a03e6051977f79a9f4e84a7dff13fbf729b73fa620de6fa89dc8df05e32	2f282f347542942e00dbf69dfd568f78c62e6d08	true	retrieved
harfbuzz	src/hb-ot-shape.cc	39349	4e9f2918302919bfdb37520ba7f066a7600b02b097d5926a40602c5d9e856f62	7b3b854d57ff44642aa1f84e1efa1701da976fb8	true	retrieved
harfbuzz	src/hb-ot-shape.h	1972	5d741f9ae672d4b71aae4d604ed4fe4a9077b84c4b2a9b46f1307f2472e8c4df	80063f77519b12cb8f2ba850295df08bfcc32948	true	retrieved
harfbuzz	src/hb-ot-shape.hh	4488	a61d131aec1b783a028b6311d4d8248f3adb179a7ccf044f53ec489bc99d8b59	c30b2cfd4ee9ec640ece484a9a3c2b8291868a01	true	retrieved
harfbuzz	src/hb-ot-shaper-arabic-fallback.hh	13157	c0d647e8c324233530d8fa91c066c9168711ff8f8be6e24bb04444c47eb0c0e4	b82de35aac50330c1a3f714442fb6815f4d719fd	true	retrieved
harfbuzz	src/hb-ot-shaper-arabic-joining-list.hh	1076	2025e136e118f2d0dbb8680a267816cac1fa6784ab2eef666f5479d6477983ad	79d3014d3e1b1931deb038e773893922e5be8276	true	retrieved
harfbuzz	src/hb-ot-shaper-arabic-pua.hh	7565	f7f8531416be0160d888adcf7d030345d935fc1afd2e692980049d5edd97fe2a	7464e5d8a3b7f6c407e0e9ada61faf42a31322be	true	retrieved
harfbuzz	src/hb-ot-shaper-arabic-table.hh	21773	0702d025adb99f8c49b5f8f55aee1854824a6fd231034e17b5eb836d7825e3f6	39da24b8be6df9338e9b59c2b8237e489aac6fa0	true	retrieved
harfbuzz	src/hb-ot-shaper-arabic.cc	25500	47fabc6ac1fe9ebbe2c67f5696fdc89c299ea9705281ffe4820a10949d28a90f	2a05af1462efe3305bbf55a1ff941b328f9e4b14	true	retrieved
harfbuzz	src/hb-ot-shaper-arabic.hh	1648	080c66f82955bf2a4578fbf946a54cd2c230f9aa241950419ee6630442920b8e	a025b1a399ceecc59110b899df6e26f2ffe9a856	true	retrieved
harfbuzz	src/hb-ot-shaper-default.cc	2343	0035a3cf8b359f4b4a59ff59b36998c36578174ba836fa74bf00310754451e66	f0404a4d2c0f7bbf766099f141542756881aec2c	true	retrieved
harfbuzz	src/hb-ot-shaper-hangul.cc	13029	311d4c605d0eb23930934987e357687de580e3863cb6da3ddfe016b08e60b4e7	ce87a915645faee4787dad76000b89e6259607d9	true	retrieved
harfbuzz	src/hb-ot-shaper-hebrew.cc	5816	4dbb5128ec416028ae347ddac1047a13f5e43cc69df5c3101554577667862a01	7e5482a96cc952ebc82e0e225466e88f2087db47	true	retrieved
harfbuzz	src/hb-ot-shaper-indic-machine.hh	43893	67da2e512ba8717c497ee53b06c29b4d8a92a565b89c7946e089862f3d42b264	6ff65c30a33dd357272b40b3206a2e438ce67a30	true	retrieved
harfbuzz	src/hb-ot-shaper-indic-table.cc	11637	605476cf28e2b7f43859314c51867e7e1b00fc346c63646a50f8deab4636bf50	e84b73eafd00c3997f2d4877d445cd44ee99d69b	true	retrieved
harfbuzz	src/hb-ot-shaper-indic.cc	51073	0719571197291360e2e3d3facb8002bd3503ae2c1b585271af8f0f7f24536bf0	8501629d78d2d5235652b92f195580d44e406074	true	retrieved
harfbuzz	src/hb-ot-shaper-indic.hh	1717	3c6ddb7bc92ac5d641ba1b0206b091e40b0e8f41569f97704a7a6d8eac47d405	4f822c26e9fe198fb7d5b54ac0409c14b096779a	true	retrieved
harfbuzz	src/hb-ot-shaper-khmer-machine.hh	12157	fe9aec7e0580e2c14c023763c36a94f8d3e7080b92bcf7c6de3570128881be83	f1e7a91f0508f9d37b2b16dfcaf7244aca9e2dbb	true	retrieved
harfbuzz	src/hb-ot-shaper-khmer.cc	10865	efa2fe5fa2de2e5d0ed6ab4839b506f80a7952ca1c5aeeb896ce140f929a058b	eb3b585e8c4b69b6197f27fe6c7af6000521541d	true	retrieved
harfbuzz	src/hb-ot-shaper-myanmar-machine.hh	21456	1fb238d85839ae29012acf53de238714fd780cd434b1a22da4bec20c00ee834e	4b8da586d3760886d1bf9ce5bb76c014cdf2a625	true	retrieved
harfbuzz	src/hb-ot-shaper-myanmar.cc	10808	115f7ca3e0c271d0fbc2a1ae10043af80dc455e30b5f402d9dbe742ba4b91c9b	1b2a085a8d7c6819e242f155e8825fd8301b58de	true	retrieved
harfbuzz	src/hb-ot-shaper-syllabic.cc	3533	09f5b4e7655231428f8463d7be2462d5e1e0486e2cdfe6aeee9c512bcf83e4c1	97f62035c693040c3405376b66ea52dc5205a265	true	retrieved
harfbuzz	src/hb-ot-shaper-syllabic.hh	1611	62c036fde5151ea30a4f4a46c92ce6ef9ea6c3fd14d405c3e7a33c7274deb655	f240ad1c26594905a2ee9a0899c94a71d24d16ad	true	retrieved
harfbuzz	src/hb-ot-shaper-thai.cc	12157	77ff4f4b92c7dcdf7c56dd506f1590bcc94a631ae2446bbc7c4343399ea96262	52566fe29ac3d783f8ebcab97a7b1ef7acbcb0de	true	retrieved
harfbuzz	src/hb-ot-shaper-use-machine.hh	37117	77cba62b6e49292fa76da43e4274908955f6e74e0a55a5e3104aa70a963818bd	65b6adc36d998153ccac4e7b682f41dbb486e846	true	retrieved
harfbuzz	src/hb-ot-shaper-use-table.hh	55727	ba20ade85d6e49d2155ed0d96686aacdc462c711662226bde027499f5149dca3	dad4fc8ae7739d177341c589c5597063afd2493a	true	retrieved
harfbuzz	src/hb-ot-shaper-use.cc	14493	1cf33c4ed82b65c16e02971a7f9bd5a4257423474a8aa347bfdfd11d66ed6db0	c35765af95a349c53f84203b43d0ae40740e6c9e	true	retrieved
harfbuzz	src/hb-ot-shaper-vowel-constraints.cc	11269	b897a8881135dd55b5232797bc29aa01a374429cd6a040f7a2d32743949c08ba	eacaaf2bafff47d39329d0822a98b50bd29a52e6	true	retrieved
harfbuzz	src/hb-ot-shaper-vowel-constraints.hh	1465	310be59d8c3baec5f34d9997f304a867205d5dda885038be0d808b7a5eecea4a	5a7ee1b0f27271bc55b582ccdc1f2e0d49361aa9	true	retrieved
harfbuzz	src/hb-ot-shaper.hh	11979	4cb9b6fa5d84b47a9cd343cd78d99b5f2e24c783ea3a60c6cb6fa3afa386db68	67deb794985b4c3d89bf1548f55bd7c0448ed99e	true	retrieved
harfbuzz	src/hb-ot-stat-table.hh	21222	25b4ac953d7e0ec1a2a924bbf61d1d5a61fbce7ddb292c90ae5687ed97c24e61	ac24dffe09d7b62ab4e59acb291e9cf8a4c3a1e0	true	retrieved
harfbuzz	src/hb-ot-tag-table.hh	170956	1e09d65678e866d2f105f6cb84f630fae3198f8f29e146e1b8bdb42e421e1b8a	124599e7ccafef452a52725b177d899a00060b84	true	retrieved
harfbuzz	src/hb-ot-tag.cc	21275	1197cbff3575847f60d5fec849ee2d1fb39c271b29c3c0342a5b03a6238ef650	900f37ab428615647690e58f19821babb6abc391	true	retrieved
harfbuzz	src/hb-ot-var-avar-table.hh	15131	cb85b7436baa168164a1ec9654b7fd05dfb3ba3298c1c2e5594945014ffd2caa	98ce46e61df93aade60792034f12987434375b9c	true	retrieved
harfbuzz	src/hb-ot-var-common.hh	73107	df6adac186be5dffbb31eafcc3898a47fff6c26783b74e245e679141872d32ff	9dd12b237705e09730fd3fb4a9f81fe0ac6af48e	true	retrieved
harfbuzz	src/hb-ot-var-cvar-table.hh	8658	2d99f530a03acd39aaa3880e763a37ee8239bd44c141e71bf82adccf84b3870c	358a95539f01ace9083d864b9a25256ca16ff22c	true	retrieved
harfbuzz	src/hb-ot-var-fvar-table.hh	15594	37e166fbbb134902afd3ef08d1351e3f59bdc6a22fbb24113f2fb0aa2570af0a	4b4410f9ba121ca15d1aad213d601a6262b364de	true	retrieved
harfbuzz	src/hb-ot-var-gvar-table.hh	35274	70a7413826cb933bfc725708f482c6284aacfda2cf91dc850318d811ce56c814	a4959dbc4303b4bf875a4af9e4c581909862bba6	true	retrieved
harfbuzz	src/hb-ot-var-hvar-table.hh	15347	8a2d3b030ae520d3afdd7d74c8831a8555a7ccb93513b2f03a7ccb2de0ac24cb	ce1f9dcbafec08896c8f1f13382f6b37c465db8b	true	retrieved
harfbuzz	src/hb-ot-var-mvar-table.hh	5728	87f8e46e615d475e3da388295bc98e9e0a6016a3eca0f92331d55f70d8b75b87	1f0401d1d33c41b1ffc3d6b44cb74e03c39786f7	true	retrieved
harfbuzz	src/hb-ot-var-varc-table.hh	1243	be2e2ce15201b49fe629052e43e2c30d284d00224c3d45f64760d7ad9027dced	603aeb258cf1da94638462b6ea074b1a68b9a178	true	retrieved
harfbuzz	src/hb-ot-var.cc	10501	6fdd2198ae86bedf12ccc4c5806de844bc403293b88a8c183d02c8934fd79b53	72ef9fbbd9dddf9b855268ea317ef379e0c2fcb6	true	retrieved
harfbuzz	src/hb-ot-var.h	5209	9c438bc34f43afcc95c3f5f390b929903156af93e19473fc29daa650d98cf20e	05147cc25e3167f1b94ca14a93cb45ec2dfeda3a	true	retrieved
harfbuzz	src/hb-ot-vorg-table.hh	3721	87e09de4bc059f815b193d10e55906e91c86edc2baeeecc333de0f33240c6e87	1ba9ca26967a55fdc84baa90dd3f458e659b935a	true	retrieved
harfbuzz	src/hb-ot.h	1502	c5c821c47756741bae7a0121f440391a28d5e188824469f2281dd08b8c655a16	f2dbaa1b317e783cc076345ac6436f228a79dba8	true	retrieved
harfbuzz	src/hb-outline.cc	8602	f02e7bf84edd62cd1e5c5ba204295b0d5f276b4c7274036e78a9129f3a9c4feb	75ee3041a3c02ba6fc56b024f66f9071af341a47	true	retrieved
harfbuzz	src/hb-outline.hh	2164	9ace0b5a99a7a3b23e4a9cceec759a8255e17ef7162445afb255fc9a8d8bbd17	ed1057b8ac9280db9f13e82fb1e5ea0cd5ebb1fa	true	retrieved
harfbuzz	src/hb-paint-bounded.cc	6539	c91c273c22cb739a8fb70adad65616373385dd9a75d0774b77276e8764407835	ca1b61615978baa5ff9aeeca26224ced55ff5765	true	retrieved
harfbuzz	src/hb-paint-bounded.hh	2821	732efedcb24a64197d493e86a82a664a28d53f10516af0b017a1cdb6ace44cc3	2fbef3ada93e46b63797fb49b536649d2c79b54c	true	retrieved
harfbuzz	src/hb-paint-extents.cc	7911	c2071d2677b092e056259c4a4db690490575c66faf1ef08b09d32cee1121fbf3	11339a76a05c603efbd68720a0eb2761d5fc3abc	true	retrieved
harfbuzz	src/hb-paint-extents.hh	3594	f2172825341dc848ef35c830bcb72bd7e4fe4ce3805ba0178de04c8ddd43137d	0e18e3f8aab84a6a54f46f2fc44f84a59ec90656	true	retrieved
harfbuzz	src/hb-paint.cc	22806	fd7ac576af2551fb7e1e5ad08a625c775567a72463580e198a6f9ba50d3ae04e	ffdd3c3a596a4c17656ad2495a165e6adc36bdcf	true	retrieved
harfbuzz	src/hb-paint.h	40170	0f6e896c6b5cd5f502761867a86c5c5a7bc69469c359f219c481873d62f1e59e	787118c46ad097ca0d2323510fe96665decbeee3	true	retrieved
harfbuzz	src/hb-paint.hh	8957	671463bc1cbfc3fe18710b7c61d8b43078d200f1ee4316d8d71a55c08e850435	bbeeb0319d4d225742178336872ef2716fd8db2b	true	retrieved
harfbuzz	src/hb-priority-queue.hh	4658	a02ef3a22cff5de250f92219212b86f11537e3da3037cdf4e64a5eb5d20d18de	753e86b8ca65f4c0e4773051d02d294a49fe6f35	true	retrieved
harfbuzz	src/hb-repacker.hh	18120	78a9ce11f3a32894a043aa1886b3790e9f1b8bc247b4cf71c18a6e5f60653f66	7d118b521698ae33ce4508072467bd9f04d93f68	true	retrieved
harfbuzz	src/hb-sanitize.hh	13759	84bab23aa0035d9720fe0a7c384cb9d7898520967c4e91d34edcafb2363286df	7c03d0090f9203b29689c48222f3db05c0bdd6ed	true	retrieved
harfbuzz	src/hb-script-list.h	20312	73db45e9b304ec07c6d45f3889616bd942ad5cb7ecb094eb9ad95793f875bd8a	d500d5ae65749c170cfc00eaf25bb66c606bd1ad	true	retrieved
harfbuzz	src/hb-serialize.hh	23593	5c89f1368b7d7cc2aaf612033624150503a3b1f0b87b4289aa97b37e80691c71	92c795705833eeaedeb45b81bfd732ed7b391838	true	retrieved
harfbuzz	src/hb-set-digest.hh	5454	acc09dc0f0356ef5429c410dbd5ef9e6e77ccea2263991b3c7c88fac329a10df	419afa881ed875509eaa8e33a4a2dfde2759fed0	true	retrieved
harfbuzz	src/hb-set.cc	13636	0bd89c0a7120b4c7e6c6e23a1d5593ea1c58874135d75054674789ddc0f2dbc4	a9386c5c91120c2d87acea89e78e87b042975fc0	true	retrieved
harfbuzz	src/hb-set.h	5054	0ee36c1a0926e51bb2a050687930db464b8e719f5823cd93a0c96226b8ccb783	192abf6f63e4731fda306ac31dfadc9ea05404c2	true	retrieved
harfbuzz	src/hb-set.hh	7189	e640a5d9d5bd4e1032aeb6d7211ab841899bdd0d17af4162245f4c621176559b	5cd983c0081c8264bfe8a7a87abd3657d39a48d3	true	retrieved
harfbuzz	src/hb-shape-plan.cc	16466	596571d35963dbcdbce8899e5b54afbddcfc097230b4b2f6539955d273466bc7	47eb690a7469a784651f74346dad1a6e8627c6aa	true	retrieved
harfbuzz	src/hb-shape-plan.h	4121	03555c82558fa347e96549ec99698fae790c2cfb9ee795c5ea48ff4134e06224	aaf5cf9c457aadb34449b1a8bec7cff4ce64412a	true	retrieved
harfbuzz	src/hb-shape-plan.hh	2429	fb8781a2a3c59c3002b896569544142631c4b4b65d318abad0487ba97ab98cbd	6fc73939b37ffee3bb5421a38fbdd23498b2fd5e	true	retrieved
harfbuzz	src/hb-shape.cc	12862	3175842ab6ea4c398d67fb3bef1a7bfbe8b83a4211117c71791497369a5138c8	2a8086fdec59e2546460d23ebd6074dd0e116433	true	retrieved
harfbuzz	src/hb-shape.h	2344	3adfcf510853bc118a120b7633c0e4d15134e4ac4bdf7911cb85511887e7e328	b09bf058747a9bbeed1340f4de0522f94b13a3c7	true	retrieved
harfbuzz	src/hb-shaper-impl.hh	1332	459fb7af72bdcce6a46899f23f3d5fcd68dbc311c65973a533bcb53051a3f485	b674fceb6af1bc23e10d976921ae4be8824e19b8	true	retrieved
harfbuzz	src/hb-shaper-list.hh	2011	5ef82e19972c69d8869db13afbc9558d373862331870ce154d540698917eede2	cb386f26827bc61520b156133a9e3fe0b00bfa83	true	retrieved
harfbuzz	src/hb-shaper.cc	2985	9b1d7d4edaae3107424510aeeff21524c1893f7b849abf44461e4c0b5566cd8e	c4885cda9491126cf2cb890830217c9332666c8f	true	retrieved
harfbuzz	src/hb-shaper.hh	4622	1d3a3d3d92a8b9debd026ac1c510d964335d6b49cea42db490a60bacea84372b	b4138a324ff48df823b9ec30b295a1b206d7e2c1	true	retrieved
harfbuzz	src/hb-static.cc	3480	3de3b2d99e47d8009fc9dc13bc722ee5b654da5f70c48ac91002cf9babb4a47f	06cc80b5f383043db928a37cd1c7be72c5d7598d	true	retrieved
harfbuzz	src/hb-string-array.hh	2925	aa29d690390dd5b07de6af63d0dd7bedd8ce1c9de7c2129a1083c01700b67b1b	3a714889c202c956ce1f1aa14c7b5f503da2b28c	true	retrieved
harfbuzz	src/hb-subset-accelerator.hh	3766	8a29588d8a138aac2d304dd1774ba61ba034ad2e80a503ecf7f30aa993e07141	9258383d28d5480ef60ec86e601b221a1c82a7f9	true	retrieved
harfbuzz	src/hb-subset-cff-common.cc	6633	bb0da972aa6385dcad9a046c3babaadca8426cebf346a4dc0ccc906f68de03e6	96e148afc1e0655064f0441f26ffab1bf6bd8aa4	true	retrieved
harfbuzz	src/hb-subset-cff-common.hh	35501	612c4b92d86e01ef3e97f2c857a7b2b7342cf971f653bc6e1bba78dcd86190b4	3140b9ca36f3d2f5ce8c58dafbdcd6e564a9597a	true	retrieved
harfbuzz	src/hb-subset-cff1.cc	28232	8281dc0a43976dfbe78d013d51dddb796eb162c21869d5449e32ca4f04bfd4d3	d080e0a2758803c581caa1292271059fff99a17c	true	retrieved
harfbuzz	src/hb-subset-cff2-to-cff1.cc	1397	bae3bc122796f18afe30fd5352aabea14142d815eabf288a53c882a992df98f6	6a65bf5d8b508631af5391553beee380a3510e23	true	retrieved
harfbuzz	src/hb-subset-cff2-to-cff1.hh	6187	8fd6d8f692efe3132b8f144570fb7bab7e9845e5adf25a9c5c5dcdd3ca4646f1	6022c006182a90fdd56cca62dac5d9c90e6a8dd6	true	retrieved
harfbuzz	src/hb-subset-cff2.cc	36234	ebbf1e3376dd24283b5b5d2c12467e3a5e0738ee1aff6052b71588780d8d1a48	262eeb1aba1b56214888e65983ee32f4c1cefcc7	true	retrieved
harfbuzz	src/hb-subset-input.cc	26384	badbe47dcb71e6fc58474d983d2e3702e2ae4f9684cd505511e74ddc4a0aa51a	a3c3b9295625bfccd7388741ffce1743b7ff1478	true	retrieved
harfbuzz	src/hb-subset-input.hh	4132	0ec2ac9e31e09d6334e3f6de0e6627307a373897ce0f8c42055d81e309e1f07f	6ae311e613d993ac710888095f35f1cb28d815f7	true	retrieved
harfbuzz	src/hb-subset-instancer-iup.cc	17458	29bb054d1deab7bedbd8fffd64bc5abf0c61cb8240af818645e5e7199ebf0a60	f81ecfba826c92c4ddc32ae5e765fe7fc16fb95f	true	retrieved
harfbuzz	src/hb-subset-instancer-iup.hh	2089	d91eacc26737276b3aa5516251fcdd277d2d9c114e62f49684098a0ba3d40619	32d38c04f83d69661e21e793a6e0beef399facb6	true	retrieved
harfbuzz	src/hb-subset-instancer-solver.cc	14033	b9caba07b8266c24660d0b5f70f80e1306a665d79a73ec78fd5bcd0540cd7bdd	03c59dc80a17f3f000fd6d6d01666e7b83843105	true	retrieved
harfbuzz	src/hb-subset-instancer-solver.hh	3827	626e53ec6760c0efee64519a83e1941fbce063e6aa8dd334572d07a7eecdd838	3462d3cf64cbfd047ae3e375ceb907d9cc582747	true	retrieved
harfbuzz	src/hb-subset-plan-layout.cc	14300	d38e3dd726056c910f1a27ac8cb05628dfa5908eef0cf4c5a7a31968efe1bb75	ba4a57b5c1ec655017bed7f14b8daf788890d455	true	retrieved
harfbuzz	src/hb-subset-plan-member-list.hh	7597	5a56b026ddf4a18d55028a37ccf6a7c209747fd3e044ee8e96d00b2e8c7a82bc	398fe81eca9341a597f5e23be47273e5003e9fca	true	retrieved
harfbuzz	src/hb-subset-plan-var.cc	16357	ff84ae3d6127af43709c1323d3351092a7376a601ecfaf785ce0ac9c2618cab8	fe29127d9a5487b93104180292e43d9183c2f5ab	true	retrieved
harfbuzz	src/hb-subset-plan.cc	28926	cda0146b6800d472a33d9fef6fbaa54179bab4f7e498cce55ea25a28e69a38b4	767c1bf2dc47bde6a1ba5715614bab663e9f726f	true	retrieved
harfbuzz	src/hb-subset-plan.hh	10179	73b5603d274bef9f3a0e84b408c29d3cc45898cb894f7021047206f8b58d1c3d	2a935b8f134497dada415b0fc67527306519e0a5	true	retrieved
harfbuzz	src/hb-subset-serialize.cc	2340	a32726499e89883377d21a9ae0b07e2af5d59aa902fb76f869415be3a6f40b35	dc7613654e670cd73a311a87572dc5f7e3ad7511	true	retrieved
harfbuzz	src/hb-subset-serialize.h	2639	cd0a15ab76193618e82077b53735338d4c5581d7c1718c3af2fafeac1161b13a	9035d4ced7a1e22cc7402ed903e7bb287f5501c9	true	retrieved
harfbuzz	src/hb-subset-table-cff.cc	3961	e5248ea2444aa6e2573fdac21cdaa9a105baf4de47d78c54d253ec9623088f89	3984cfb86603e4c802488471b33759999ef79eb3	true	retrieved
harfbuzz	src/hb-subset-table-color.cc	844	77edf352cd9a8e2acfe4e81597c6326b3b95f5dcc6f9ab37321d8418ce4883c5	e44305e7dd78e1ec236bd3afe44221d08a97e259	true	retrieved
harfbuzz	src/hb-subset-table-layout.cc	927	e8f2d61443348d5dc376c0d16ee18ff5ba9a3d3295eb724af427ccdcb1e75a8d	765422e365be081baf4fc19eec4621a6d9b3c5c6	true	retrieved
harfbuzz	src/hb-subset-table-other.cc	1663	36609b5e21337563af8cb4d8920cdf11dfa150955cb88c2c90bd4964ad01735b	3b7ff4b3264c7e30f60948436901a5c786661b9c	true	retrieved
harfbuzz	src/hb-subset-table-var.cc	1625	2c168d26f1401b1ea9ae1708e2e03eeeabac717489b232c2fa04c88bbd7b6065	b569b08a0089b64d59f61d4f325711bd6e150ca8	true	retrieved
harfbuzz	src/hb-subset-table.hh	6944	76b94141180fa77d0bc907cef1c4ef878077cb00664a3d8c88d3e5655d14d34a	66588ec6f8fb35af34fde84aad632f561347c3af	true	retrieved
harfbuzz	src/hb-subset.cc	13703	95933c8340dd1b7c26264e141f53e012cbf472a5c0e9da4142f0228e9476b7ae	d1ca60e63e509c66446780a31bc3bc73829da428	true	retrieved
harfbuzz	src/hb-subset.h	10759	c31bf7f24a82a19275529215bdb4848b664774dc1fe9f1939d73149d573401f5	2b9b2a2263c09ff82467fdf18e7949e4946f9214	true	retrieved
harfbuzz	src/hb-subset.hh	2467	82bf5337519b82310263705bfc2e5e2229e1dc29b938d1517b2a1e01d29929f2	fca378de173537ce464da743e4fa5e8be3b35950	true	retrieved
harfbuzz	src/hb-ucd-table.hh	420557	4c15452a7f4372c840dfac3cfc26d3d45584264392bffb681c4dfe0f46eea9c2	d2d23cf59b83f4abed50e8ac5e3472951abc9a6b	true	retrieved
harfbuzz	src/hb-ucd.cc	7196	0bb1dc09aee15ca98a2222f7307d1a9d279646c486f8240efd50035c86554420	4c8b1ee5e612340458761b6d1f66ab40359e47cc	true	retrieved
harfbuzz	src/hb-unicode-emoji-table.hh	3917	c1e7992baefb102d8afaf4cc6b745e45ebad4eb4a12c0b928e59025bac3e8403	7200952547a1f961e12da4a07c2319727c6e55e7	true	retrieved
harfbuzz	src/hb-unicode.cc	17313	bb710579e8221b0983c5b341351f3a9c1bda738c9c00940f8eb8478bb40e26eb	aa2735bedb0bbd797382a50bbc1e6d28af164d36	true	retrieved
harfbuzz	src/hb-unicode.h	22980	6131f0eb9e411fa392101f58793f4e4347ec3bc6fe45226736b186004cea8038	5b5c45cae3212c68e92f73b7b697808286c74f24	true	retrieved
harfbuzz	src/hb-unicode.hh	16921	e2d3179d57232fd4b7ece1e62dc6f4d2ffb3ae96a1e812c0ef2ebed6e816d9ae	485f3f527380c1e0253acf2d9d1d13d2a8612aec	true	retrieved
harfbuzz	src/hb-utf.hh	11163	8f9bb5c85228e79b44f5f9809719b71907d787f4e8370ccbe51e1718177a4045	e85b973773dfa77a7f93c09637a8e9d3e17b0241	true	retrieved
harfbuzz	src/hb-vector.hh	19593	af71a24a7e90aac66b649b7e7582187d534bbfd3bf5f1a82419cdf331d86ecc7	71c0c27a1589c907222abb4ef065fe72741ecec5	true	retrieved
harfbuzz	src/hb-version.h	2597	0625ee22ce9cca30c29422e68c23b69085d1810e249899d8eb13a167296b86ed	447f997b1d18e8ef26569169c080961c5a8cd6aa	true	retrieved
harfbuzz	src/hb-zlib.cc	2408	5a4455ae2f5d0060c3441e3b32b5046589268d7bb89358ea629b0e08971b5e95	2703e943d48c6e11d2ff1233442bdff0314e7431	true	retrieved
harfbuzz	src/hb-zlib.hh	948	457fa8a066d2e50223aa0fa02a59da1a317409721e287585265725c9cb2fc809	3b8eb791a17ac92168129eaf5218ba2dc165aee9	true	retrieved
harfbuzz	src/hb.h	1555	31a1b53db3ee4395916e6d4f105b2c64772b8037bbb97d0e6d1e4a905eb6c6c9	5a6ae6607c2457835d06ede8502b31ef8eedb995	true	retrieved
harfbuzz	src/hb.hh	18548	5039329e1a7149d56e071d17a7fc375f0e95e2019ab909842c2250018810b48f	2ebae65f205dad425fce9df5d2dcff03f9c99f3e	true	retrieved
highway	hwy/aligned_allocator.cc	4743	33cdb6fe030ff339b1eae3349452890b1079cef5df89a3482d65f3a802084105	bec7c3bb1b701aca982df884a95fde3c0c405c1e	false	retrieved
highway	hwy/targets.cc	8971	bf75a5a3e31a53d33e7b24927c57bef73c02d2fde85e0f2665ff4945736e9b6c	f910ccd07c5528e997d17fb9e0c99fa696331de8	false	retrieved
icu	source/common/appendable.cpp	1925	fe8c4408c4ec025a3f01872dcab971fd5eeec5473ce81290585cd43d21365b8b	c0fbcc6530ad4a567135fb726cbd80745dddf1c3	true	retrieved
icu	source/common/bmpset.cpp	24743	e796f9f65acd93868938549b8cc4c84df7e001cce728a24887e420ae3d14e6e4	641c675c6706b643bf3338a396be20bb8f42c4f7	true	retrieved
icu	source/common/bmpset.h	5806	116bff003ea069337df5b8c16f6887507f2b46900dbd02b8a45378f5cd1c51d4	fad0310038ac81aead1c8335ff5971be0868edaf	true	retrieved
icu	source/common/brkeng.cpp	12108	af12bb2aaf7df97115a3e7f1a813f1b4ae291ad78336f8b6d443bfe27ce62fb7	3f58287532e7807de9706b1fcfc5a295bf1a8402	true	retrieved
icu	source/common/brkeng.h	9981	40d0966d2e3d92a96ea1ca1245e9feb020033c7de700f698bd4681b6d7224ab4	42a3d697cfef979654ea7c3a22fdc1c8b5aecf2a	true	retrieved
icu	source/common/brkiter.cpp	16884	dafe3fcbcef97e3e7131d26d509d93f70dc0f42cf5b22c3301e2eb3d209d00a4	b452cf2c050083593b8347b7d237446577402700	true	retrieved
icu	source/common/bytesinkutil.cpp	5018	9346d8432fd8b69b95b83d36d83ecdb13b63bf66fcbaf72b890fe706888138f0	a32254a7dbabc09901d90c0ea9e95ac828ff8ccc	true	retrieved
icu	source/common/bytesinkutil.h	3160	6369d46a2b6285e666f4c25c90e79222c6e0a51e09883dddc0cd99a9e317b5a9	929c71fbee6bc7958d1b8b0b56214d13dded659c	true	retrieved
icu	source/common/bytestream.cpp	2465	5366eda20607df5000162319054e8c1ae7224f9938b8907830b17c1ce46d2042	bd870cd3b2f4b05e344d8f7f829220955a0b7ab3	true	retrieved
icu	source/common/bytestrie.cpp	13902	341a0ea6449c2875254ef4560279de761e6a64575117f5ad30f0c1770c42454e	532ea9e9c0a98fcc7eab6f1d43bdc59cbc45c197	true	retrieved
icu	source/common/bytestriebuilder.cpp	15867	59e4aad5527eeb66b25d30ac618a526793a5352c8054ccb258dd0ca0f78f454a	876e0dfa16099decbaa8dd867ec8090ba8503260	true	retrieved
icu	source/common/bytestrieiterator.cpp	7329	42a1452024f581bd935de2959d06255970418d03a47b311df2d1f9bf882a2975	65f54be48ae8abdb4c98b8208df2999d122e192b	true	retrieved
icu	source/common/caniter.cpp	19760	d0b3490cbce0dcad6816602e57e17a2ee31f1f027daec1f895a0838f29f7b724	64a3c65d29a0f719cfdaf18861c50a3d7e259fdb	true	retrieved
icu	source/common/capi_helper.h	2647	2487cdda817bb6692ed4b29502f93f64f1070d9eaa42d2431dd190ae8c8bc900	54b1db9e3318051e59ec5f4c894eb175eddd2679	true	retrieved
icu	source/common/characterproperties.cpp	13759	ebe99a13a33cbcf3039c0f16843ab0cf07859804db6ecd5b4030edfc17004583	f1e15b488d533d68a6e28aa6fd0b6f2bd8667cbf	true	retrieved
icu	source/common/chariter.cpp	2564	baeb9c81887867365159a55aeca7e61627fcb2b961eef0600846e4ec077f3cf5	16f3b1e14d0bf0aae66e43542a745639342a45b7	true	retrieved
icu	source/common/charstr.cpp	8286	d38c520622924b8e9b99d33e95e43f2378e37da22a99103c76938d0d583b856d	f76cc8a4dc90f3d07040956d15a216cf9617fa7e	true	retrieved
icu	source/common/charstr.h	7578	f6916160b8b60f247e1ff39414250e6642893d04a9465fa21dff20a55bd7994b	7749a804b931a9c8dc0063396cf25cbead384823	true	retrieved
icu	source/common/charstrmap.h	1564	36b664d469135ca26a4d7ac94ef8a335bd129d4a2d148675ef8496b823b07bc2	64d5fd12542426668e1c3e6237ad0fbadf57772f	true	retrieved
icu	source/common/cmemory.cpp	3540	9a0ffa21c47a2a590b7a7be52a10e503d360dc43303fe61cf1271fc0d3de32bc	e59d4b0efe3813489419f89be2a8c73c19b1a206	true	retrieved
icu	source/common/cmemory.h	30731	d564dab89c28a9089d2fc86c80fb357421e73a7d071cad2a94324d7c67bed057	3705c2dfd0e069656f2ffea9d3616d277d3f4105	true	retrieved
icu	source/common/cpputils.h	3273	389ab0ef237681e2e84997105ee885c6ce182174a2c34c76c2205c10d370be3a	2eda999a65715d10d9e63ac806a8d54abf3116fb	true	retrieved
icu	source/common/cstr.cpp	1723	2af48ae2cd9ec4a56dd34acad7aa372d572b0a6e1700b89044a9634e9d4bc68f	b87597e4504b03342a4714a2344e2d701fa76d79	true	retrieved
icu	source/common/cstr.h	1807	2f0f803018e24306831a1d08096c57a2eaa8ea375e71b9bf0c3e1b52e054dcad	be21d910bb475e5dfb71c1e67300de7a0cab4c52	true	retrieved
icu	source/common/cstring.cpp	8785	44359035a06488f6b0cdfc26ec5222b948b16f9a540f11e165bc607ee85326b8	e95816c130160d8f358c9a1441925bf7cab98f3a	true	retrieved
icu	source/common/cstring.h	4013	d07a23a841fc7ead757246068dacfe5d639669e1d1fb7c455beb566d9bf5cb29	3a14e4216c8e516013882f63a517188fd96db525	true	retrieved
icu	source/common/cwchar.cpp	1157	92058b8f6ab8a3e5a420efff7cc3dd49202665bf99cef181adf804e6665b8352	20c7d71e0f0769e8bd1f4868366ecd866e79dd4a	true	retrieved
icu	source/common/cwchar.h	1890	b945a0f657d4e3b6462ebdcfe44f0c7ffd06d41ad9bc164ee2ea8610cfe81c1c	8fd041a1b9c568dbd1c07a711b923e869f43541f	true	retrieved
icu	source/common/dictbe.cpp	63403	220845899f497244599ee1bb3c3dff56ff5e6f889acfb11a83da30a525422bfc	9c3e3e36362f3bc8bdcf5191816e127e38def8ac	true	retrieved
icu	source/common/dictbe.h	13581	f48ded17ed8beff80a4ae4dd8325049dca6a19a1876ede8e1e29c6d4618ba3c8	e512071fa45d8abab2b044305ab7de9290cdd57c	true	retrieved
icu	source/common/dictionarydata.cpp	8352	c62e4ad6c290d92b281fc87063a58ce1175f83a5da22264da952e03a1854be46	80b6d82d56ae176a64ac51533f70ae7a5850afe8	true	retrieved
icu	source/common/dictionarydata.h	8007	132a209149d5b4c7f6be31645a91052b15351477f0d8ec6c722adc90f8c8a58e	8751e502d5e5c982e3d7185b06efb5d8efe008ba	true	retrieved
icu	source/common/dtintrv.cpp	1272	dda238f6f0388cc0925c60d6e8ca8db84d9fdc225eac88b1511422a450cf0413	011ad8136f3bdb6c66668c0a2f71fdcc6254f618	true	retrieved
icu	source/common/edits.cpp	28861	b3eda13c5a0b106a17711df862ff621e4fafc3c8f21c7ab46d08399aa92c3dea	3348145d48df6d07d47081f7bcedf8295070401f	true	retrieved
icu	source/common/emojiprops.cpp				false	HTTP Error 429: Too Many Requests
icu	source/common/emojiprops.h	2812	17812a0907a722b39a4180bc9d6ec04b2852e68df0e24206cb67356c511c17d2	777b7b11a83ee9f89da70c0abdaa03f9bd06d8f8	true	retrieved
icu	source/common/errorcode.cpp	969	49933ec89b2eb331f85d50f6da765e44cb99a3d2d3cd9cd2f63c31d5b81177a6	e7ac43b52739aed1c11b47c6a9544d2eb9a5dc90	true	retrieved
icu	source/common/filteredbrk.cpp	26158	ce73d692b36905c2fd55404fcabe1c14339c236d80ee2ccba8bb739f26ec4dfe	a705b037c47bc091cb7b3f0c57e36963f10fbc1c	true	retrieved
icu	source/common/filterednormalizer2.cpp				false	HTTP Error 429: Too Many Requests
icu	source/common/hash.h	8241	a63ece3e338b1228e017b9d09edb6aafb5f6ee50e31f28ecc4696e61bae8dd6c	bc103ee72ca5f3b3122861aac66a005655fa5929	true	retrieved
icu	source/common/icudataver.cpp				false	HTTP Error 429: Too Many Requests
libjpeg-turbo	simd/arm/aarch32/jchuff-neon.c	13551	7b9b48f8dcf4e4e41c5ca91a971d4cadab4080634598cdf29ab54d079373bb93	153da1f1c118aa11167e0973ecc6d8d8ea48a8d8	false	retrieved
libjpeg-turbo	simd/arm/aarch32/jsimd.c	21924	75adcb5071d8f61db0c562bf8d12cd2160ebfeb0b6a2cc016ba03153d7b659bc	7c8ea306bd1ed498543c302d1fd9db6081ccc9c0	false	retrieved
libjpeg-turbo	simd/arm/aarch64/jchuff-neon.c	18382	911b004175955a0cc3a2bb3571a5aa2c5c51990a5ab20a5ef0c1156c0dcb44a8	11bf6dab1300c8cf3d41b3ad4bd9ca39d49f8066	false	retrieved
libjpeg-turbo	simd/arm/aarch64/jsimd.c	24299	5cb17d6e0cf872f1db3d5dbc6c0a983a14412e187f6672793f033e71dd149525	8a6f30a1a89a08f8ed5d27a96dfb5439dc97960d	false	retrieved
libjpeg-turbo	simd/arm/jccolor-neon.c	4563	e864b34bdee2b7edf18484492300014de12beb02c97ce1e196e4b45e3a2532f4	d14a7bf5018fdd05fdd5c3cd4241dd23bab6d313	false	retrieved
libjpeg-turbo	simd/arm/jcgray-neon.c	3617	9a82b26980ee7bcd98181ac6d81afed799740bdb9d213cb65c2125bdeb2e33fe	fbcf8214057e37589f333ffe202a657291b05c5d	false	retrieved
libjpeg-turbo	simd/arm/jcphuff-neon.c	26904	2e2fc2f25e4840c8c421639bb07001fdef6a52494ebb53d1af935485a60e8f9c	435f96ee9682b42f35a75e2d69f291d66902fdb1	false	retrieved
libjpeg-turbo	simd/arm/jcsample-neon.c	8733	8d4012cebd91510a0c5d8dc89aa0767659da4ec0f52f7a4659b764381c5be3b0	fd8a93e520b232f79abd8866979644ef633ace94	false	retrieved
libjpeg-turbo	simd/arm/jdcolor-neon.c	4215	1579ca30a32f8c40ef50adc6b6f817b1870be2080aaa9cf4cb3d1c593556dbce	97bb02a1ed73b2dd421007b6cda38ee9f9be05fa	false	retrieved
libjpeg-turbo	simd/arm/jdmerge-neon.c	4813	3176e164be6f36c6f011693eaa00c15de4f70744c58a2220cc069ab6473baeae	95e6d32830c4a32ec844d9e61dffe9da5248f813	false	retrieved
libjpeg-turbo	simd/arm/jdsample-neon.c	25502	84a8fd83a0d1ed5c0a8e3e0d298927ef85321e4334e486cc4b45903ae6feafd6	a130b1a958136bb2f1fe7f265976aec09f96fab3	false	retrieved
libjpeg-turbo	simd/arm/jfdctfst-neon.c	8076	8cc75781a318577eeb5a18fc4857cf8800cb9b1a695f060cf8cc29b8aca2e9c6	d6109f11d3468921e8dd9636ea07da94c1405c55	false	retrieved
libjpeg-turbo	simd/arm/jfdctint-neon.c	15080	72764f95794510acd6eebc50feee5366f5c6a62d3da32356c6096708f2c82f90	bb290ea45d20dc328b92b66dc80aeae0d3c5c8f9	false	retrieved
libjpeg-turbo	simd/arm/jidctfst-neon.c	19961	2cb56f9f7f3cf1027c16a63e260d9ee34ea9a9d17bd35f81acaf07660b061bf3	e789125344abae61f192fdc45edb85cc9a334b1d	false	retrieved
libjpeg-turbo	simd/arm/jidctint-neon.c	35432	215cc18ea656a99cca035ebc6f72157eed211671b5d46f113eb34162b266bb2b	709e0eaf4e963af07fe6a1c8c183e9cf3f0fead1	false	retrieved
libjpeg-turbo	simd/arm/jidctred-neon.c	21481	1fa368b6854279509fc1ccf82647ff2d4df18e5957a879d66f6dd19d213cefb7	25b1addc6a914c23db99b1deef799cfa0a40195a	false	retrieved
libjpeg-turbo	simd/arm/jquanti-neon.c	9096	715b4c01805d6af91beb0a89e1131264e8987e1d5e6e7f3c4bac137ea572db6e	e44fb3d41315b50ca759b3c19251a30227eea6ff	false	retrieved
libjpeg-turbo	src/jaricom.c	5132	fa144de494da46aa685379a8a0f6f59acaef7a2bb282cbf738a0a8070e1d527e	215640cc446404847d2d2f50604d30d3a27dadc7	false	retrieved
libjpeg-turbo	src/jcapimin.c	10522	28b03b1d9b288cbdb820e3fbbba321c07e6bbbe7530fb48438aebb7724c0490d	eb4599fbfad0db80972e6b46f3d0795415ec2b6d	false	retrieved
libjpeg-turbo	src/jcapistd.c	6932	233d79953f190406d7fcca288faae0b006791d37ae51d986c24428e0507ebfdf	2226094ba65670102d655c9a69a016ffe4600417	false	retrieved
libjpeg-turbo	src/jcarith.c	29668	76b5a23029a6c44f063a35c29c4a5cadd13930e931e83c624d9e2d872e8ce750	b1720521bf5114ff8acfeda992df265633c1d2fc	false	retrieved
libjpeg-turbo	src/jccoefct.c	17425	0c973df8bc4da2315dde3c19bf60d436de5ed90855b72ac534761c19b5388762	2a5dde2d07e8619e44a5b3f11ad089914f790f59	false	retrieved
libjpeg-turbo	src/jccolor.c	24431	a0e0f2e965fb9c749d0d92297b7d079934f4f9dc4becbd1b9b262bcafa754f66	c19f6ff4e34c8113b1588d7974eb0d8be6452060	false	retrieved
libjpeg-turbo	src/jcdctmgr.c	23029	a4ac5eac6228148bb68e783332f1b9590231dcc34acb4439cc39ac57e39ee8bb	dbdbad6a28efa3a78683a8316fc7af734b737674	false	retrieved
libjpeg-turbo	src/jcdiffct.c	15125	b4f5817a8b4138ce6c7ceb323ea5dfc93bf756cee0ee5bb48dd154be04860ef4	d378202b519064f0cbe361cdeca4055bede86130	false	retrieved
libjpeg-turbo	src/jchuff.c	37246	a7f6afcdf594ade29b3d53f98802fce33a5f086d1600927755d83b72ce000ea3	8cdd5bd35dcaec135501cfd67c9044fd7282b83b	false	retrieved
libjpeg-turbo	src/jcicc.c	4072	021f073e040e474ea73e3b6785c0373cf289fd2faa87895832ae623d9c0e0b39	11037ff6941b8cd251d6bc69765d8bc186dad824	false	retrieved
libjpeg-turbo	src/jcinit.c	5192	ecc814abf5d51bf8d904ca7230acee1db50fd8671e50f4d7f26acbce0fc5366e	09ff6b3e43e1ed704428ef22bd9b24b759c06020	false	retrieved
libjpeg-turbo	src/jclhuff.c	18635	3c6a86413b3bee3ba95234b6446ed147033a08633ce55a03682adadfd6fbc18b	ae4154532edf0fea04f34719a910b8915fdbac04	false	retrieved
libjpeg-turbo	src/jclossls.c	9180	4bb05c98f44f8be581078ae1c292f14a2d1ded10e0a00cf483e416d638a5c8d3	295c3e2a2b041b129a66a6cd2cad1003e02618a9	false	retrieved
libjpeg-turbo	src/jcmainct.c	6013	5c5545d1201674d6a8ae46e4ac0d18f78dd3fcbf7da7f46a032badf6a7eb5349	954e94017c97812469338cf71bfcb6035fdda715	false	retrieved
libjpeg-turbo	src/jcmarker.c	17896	713a3acfa3ae737b83a46ac0d5e176f2fb1bf83bf4d1868e8bd5c5f87b8f187e	a064d4dd9e785ecb70174dcad96a6a6162c7bf60	false	retrieved
libjpeg-turbo	src/jcmaster.c	28262	290aa146bbec52182f39117355a3f29bd68d68da9ed2f5990cdff6a80d2400f4	1dcd252b3c1283d20bd9bdc6570a6682ba7c1d0c	false	retrieved
libjpeg-turbo	src/jcomapi.c	3275	b70d463fb2a29b01995e6fa307baee756dd97f83f9ffe0a4dcb2e9220e9c51af	84f37e172ecee6c5b60e87cc43b0a72acaa22811	false	retrieved
libjpeg-turbo	src/jconfig.h	2132	2093a35fa25a957ce8d1f66b65f0a8fe024450c58a3bfa3e83aeb87a0a2d56e6	22c32eead63d9f125f9ac7ad21835f6e82612dd7	false	retrieved
libjpeg-turbo	src/jcparam.c	19640	653c5dff550c3947e32f6702c8f2f650d490c6390867c108efef2042ec547fdd	d74623c207cf2f64303047e63dd455776877d6b8	false	retrieved
libjpeg-turbo	src/jcphuff.c	32790	3417671676a8cab601daa31bd83b0018603002bb14eb5f1fd428d63ecc0eb8b1	58287328d2d274ae30defcc2926cdb15ac4682ac	false	retrieved
libjpeg-turbo	src/jcprepct.c	13945	8631576f649feca2fb09125f86db25c806244d1c2684370e6f451afe0cfcddaa	725856d7383493bc21c22467e6407f01c7e71798	false	retrieved
libjpeg-turbo	src/jcsample.c	20344	fc76d3dad468ad36b86f8e0b1fcee3578cdb15f95a93d4e2b4034d971ee3b1d4	ca3bea131f59b504ae70f46e1aaac29a4be4a84f	false	retrieved
libjpeg-turbo	src/jctrans.c	15276	a2abab67d3e603308235bfbc783ddc55bec9d80bc8091b232e2fc35501f3da1f	ae52e3989ee03fa013c9d874422548c6e910b76d	false	retrieved
libjpeg-turbo	src/jdapimin.c	13680	03c7c476f4cfc19fc0b7f53c6bef9f3122e682cbfd37410743fed4a1ecaecbc1	f2419f8adb6555097836576732faee5b923318fe	false	retrieved
libjpeg-turbo	src/jdapistd.c	27804	2e1be3059ce545a93bb65866d56d667f0924285c186c9f65a9635651f419ff39	d0e5c0e5b9fc02dbf1d88d192ae9083924e67882	false	retrieved
libjpeg-turbo	src/jdarith.c	25539	a0291db89f2a057eefcf234ccf02ad1ea385c00759af13fddec914bab0cfe0d1	21575e80c722aea6628f4b9332e4b28e6770c3c8	false	retrieved
libjpeg-turbo	src/jdatadst.c	9222	34932074076fc60d9d9c2f95385f96baab8e7f98bfeabb3c6ee552f791f06878	529f93b490458d35f0b9ae43b8e3a701cc771c13	false	retrieved
libjpeg-turbo	src/jdatasrc.c	10087	25b8689e08ec083106e13a9c5a599b7d79dcf1f182d4565b1600eac014b874d1	dc135f43a470cbf93c6373390ef42a9c0324b4a7	false	retrieved
libjpeg-turbo	src/jdcoefct.c	34360	61f9511d0bce1a9a5449e1efd0e0570f54e4852e51d056be9a4513d32bc20fd9	40ce27259ba17cac57cd6f52365a31d3df38be19	false	retrieved
libjpeg-turbo	src/jdcolor.c	30387	b51cdf7f6dc93f8874fdfa82aaea7030cc70bf3408e7fcb60cf76017b07000cf	aecbd9dcd36ac05d28bce7330ef02cd26d79de63	false	retrieved
libjpeg-turbo	src/jdct.h	10135	dec739e58411e143e23041508f828d948d74bf670819aea770e52e6134024de5	0411a79bc0b9a86294b0dd75ea27b878e2d09e74	false	retrieved
libjpeg-turbo	src/jddctmgr.c	11724	3913f2b5d05f951d4429dbc664d91b832a285ddf922c4381c87abac9f12bb751	0bd8c2b591de85e77068ae291319815a69ba28d3	false	retrieved
libjpeg-turbo	src/jddiffct.c	13681	3bf8fedd2b3b45607f23e93a65077b6fc4daa6ca56026853cbb7005225407205	0a1ec5a9a83333dd9e0a12e0ce56416b7d0bcba3	false	retrieved
libjpeg-turbo	src/jdhuff.c	26826	712ecd1b7e2b520ce0648cb742f1dad89f675ab8871dc054227cb28aed84b377	cd8c0847a22e1f1dcf4e0ec44e3e3dd859318371	false	retrieved
libjpeg-turbo	src/jdicc.c	5409	f605e2337afa011e020eb84f9c2f5a211f30d380621e97206d07216e4f78f661	50aa9a967677761b5c58aa1bc4861e0314415fe0	false	retrieved
libjpeg-turbo	src/jdinput.c	15218	b3c155ed22ce4b49431d4900392f09354275daa59602450fafc6b9cd7adfcc13	33e3a820fd28d7caed00b2c2282d78c6a2a07c6a	false	retrieved
libjpeg-turbo	src/jdlhuff.c	10030	ed965925b5961236b6fcd3a7870ea159386b93bbefbc97cd4fb465ad72446da8	9964830dba07e7792b2d9faf26d70cb9bdf3880d	false	retrieved
libjpeg-turbo	src/jdlossls.c	8807	e5f8ed3b123f1066c0649f88102623151ae3531c7e166b50cdf42db5fc190491	520755adc3c008224bf5fd600802e211c8cef2db	false	retrieved
libjpeg-turbo	src/jdmainct.c	20551	9e593900a721b07003b3a0c3adda657cb4ffc85d1d8e08e49fb308caf12ccf3c	fed1866ee98200e9399938cc6af96a57a663c83e	false	retrieved
libjpeg-turbo	src/jdmarker.c	42610	1dd922aff8f92ece4f8f2b11eea08cd49b2e232de797ee98db9e331f6d0e3296	f918ee4db522e5663531556e33acd6b6350b46a1	false	retrieved
libjpeg-turbo	src/jdmaster.c	34517	150a57d80a67b139c233ebaff1d7ded3677f07e3b6d6bd5859fc88e32f80c62d	4085c2291864aba4c564b9f9751bd7988b4e90dc	false	retrieved
libjpeg-turbo	src/jdmerge.c	19979	7a08564c3867c660623fac6c45b5eb894ce79616db2f101187bf9e045048cd4c	49f2006fc02abae19e4c57afb91d6e2d934cb0a7	false	retrieved
libjpeg-turbo	src/jdphuff.c	22244	fdaf536fed994d433b08a2f0bc39b85bc100d81f465e1164c78caabcfface7d3	bf97333a34c0fdd947947fd114461a21762699ca	false	retrieved
libjpeg-turbo	src/jdpostct.c	11992	42feb659a302a4a1aab2af5fac37b000ec7640d34f4b306f656acd63ddca2315	9bc6210d17e1312db4d15a8f0701e3b720bd6123	false	retrieved
libjpeg-turbo	src/jdsample.c	18964	1b6a96862659baab0f0057aa20cd0e03f2b4419f686648e8b5dd1b146c63ebec	e5a127de42b8a9cce27d871feb40b5a5cd5bc0f0	false	retrieved
libjpeg-turbo	src/jdtrans.c	5624	b624447657d4f01737efc0b846285a19974f478a21418af1f6c1143c24bcf16c	719813f676728b95ac5f739e03791d1a874e80c2	false	retrieved
libjpeg-turbo	src/jerror.c	7566	1c3661997d30898f587a2765e934b23e706fabb7e4c316490348843f2003d0a0	2133244f8aed306cdd14aa5e77112ce730ad9637	false	retrieved
libjpeg-turbo	src/jfdctflt.c	5588	30098eb7e20b4ae42bc7ddc16552c6de59cb5cb045059d5a138c4b1b2b8f4739	ab6f6d08253ca882f80f21cd5cd913eea47c3771	false	retrieved
libjpeg-turbo	src/jfdctfst.c	7793	eacf0404692455247cd836ff4e7de0c715edde4cd23c4434eb0028824e677c10	26070d19a620824a64711ef34410564c8cce667e	false	retrieved
libjpeg-turbo	src/jfdctint.c	11515	f438c4ef5b5ed70d67e324174059118395d822edc4b5a5c0c783857244b74fb0	974013fa409cc8eeea9bd79c44950620ce0de508	false	retrieved
libjpeg-turbo	src/jidctflt.c	8754	b6fc1d4f1333378cc67e77d436be910e5a114fc7711d60c35d484b760e1ebca0	ee3a31a61682999c76a607adeedef40980fe51f4	false	retrieved
libjpeg-turbo	src/jidctfst.c	13565	b524cdd2cbb30eef5e9878b290eb837033118338dd3583fc8302ed604e2c36d9	68119b9942be3de13eba86a245f546b7dbf01bf7	false	retrieved
libjpeg-turbo	src/jidctint.c	106340	099df3deff863d0cd36ac6cdface421ae22a0a34ac37ad9d0c2043a17ddbc207	c58592d626d8055d423e14b9e84fe0232d1902d4	false	retrieved
libjpeg-turbo	src/jidctred.c	14555	78e7ef58455dc634c9bfbd01fad0081611254fd6338f3336698b8f6173607942	6521e3ebbfc7aafea314627091a384e1ae16fa2f	false	retrieved
libjpeg-turbo	src/jinclude.h	3188	5b9f31bb7fb5bee3b7c8717ec801f2afe6e813272b502bc3bc96f6324fcfa3e2	56e7a4b296d2ac123043dd276da84acd54f88e50	false	retrieved
libjpeg-turbo	src/jmemmgr.c	50051	b98f08ee621c2882c0e2b584d38c5e614332c926285e5ce25958089a96c4f1b1	eb199c8b3de084882c370b6e2f7b21c9dda36842	false	retrieved
libjpeg-turbo	src/jmemnobs.c	2680	328ff841f437fa7c2de846c4e295e9145cc628b9041aed718a06eb087c55786c	692775f5a85945d78bde0b8e50a19d800d89ad4a	false	retrieved
libjpeg-turbo	src/jmorecfg.h	14386	80a97f45ecb28d83310247eecec2a3865b5fd39ba0ecc490b48a36fac6318e26	89c7842c87169b5797b6750ba8c9d694cb2c1662	false	retrieved
libjpeg-turbo	src/jpeg_nbits.c	271113	b79ca4826d23d3a9124fc7b28cce2eacc86a460fa351e3a05eb8378e9bb0f00d	c8ee6b056cbf88f0d2afc5aea1bd0f58be536e97	false	retrieved
libjpeg-turbo	src/jpeglib.h	55907	6fceae7c3e38f2514689990171bca8154a741cf128575c86e9aab3cfc52d6ca0	cc37f030a9961293dceba57c25c79c85cb2ba99d	false	retrieved
libjpeg-turbo	src/jpeglibmangler.h	11481	3cdf77a26602f9bb3ef06d78e4e19576c934ebe810f966b1c2d66734d5826bc5	34538a5da4fe73797ada377943a8f057971ab51c	false	retrieved
libjpeg-turbo	src/jquant1.c	32887	c132b33829f8fa3806798e7783e64ee8e986a4ee04db3e8a100159675aae5eaf	bd68dcb8c6a3e771b6430ff16af55b02c398bb90	false	retrieved
libjpeg-turbo	src/jquant2.c	49272	77ffa8a28129ded74b5de8d21925a3f7fef6c73e6f4fa6b87a693f5d40f7c927	9ba51fa8872b240befc8bbd38810098839423f91	false	retrieved
libjpeg-turbo	src/jutils.c	4129	70c0ba2953ca8f4abd6858d8ed71aa3266f37d529313b8e0cdfa0d1a43e31b2e	24caac19021dae468751f9d85bda4780cee7f21e	false	retrieved
libjxl	lib/jxl/ac_strategy.cc	3627	98023557b2bb55679a19cadd28e594333c7f4bbc3974eb76a3d426e1a8876cd5	f262f333196b6062e74900c54fc2368c9e626bd1	false	retrieved
libjxl	lib/jxl/alpha.cc	3845	59328e5f1419031cb0053c9826d4f1047e62774edfb23bfcad0c694e217dbd6d	77ac9021d769b648f30390bda8ae481db02e9951	false	retrieved
libjxl	lib/jxl/ans_common.cc	6236	017a6a571264f83abe17484df5d1a1efe5590956ce0ab702177c717fac5aad94	cc0d58b4462f8d9214979ef30f8eec1f6b8572b6	false	retrieved
libjxl	lib/jxl/aux_out.cc	3241	b91aed22f510682a669e4b0c68f1e42798b60f1d7fb653a4d90d157b7cff14f4	e83140d50bfbe4c0340119c3b11f5f59d0c92c00	false	retrieved
libjxl	lib/jxl/base/cache_aligned.cc	5222	c0b61e485df3ef6ce63dbd259e7ef1027fa12527b79b4c2986439b511db0cec7	54936d72300f91d44f184736ea4dc16c046cfba9	false	retrieved
libjxl	lib/jxl/base/data_parallel.cc	672	a5776bc8411422ffe15741d6ff9182994424098ba3b7ec0b60c7eb3216cbcb64	20a911255c71cca6b84b2c43fb66168b66eb6ae7	false	retrieved
libjxl	lib/jxl/base/descriptive_statistics.cc	3017	9c751cdfef4bb66643b2e0234d38a50c08c0ec55eacbb26f9c160b6187069c1b	9303f2c776326e1626a82478208a67b291c5aeb4	false	retrieved
libjxl	lib/jxl/base/padded_bytes.cc	2159	340b001951dca532510f3580e304cd251c7e913954d42ca80d9bea119c425687	11e4bff6fe0bea53150daf32273a99ef2b9d34a6	false	retrieved
libjxl	lib/jxl/base/status.cc	1142	8984aea198a1bf927bf46fb53310cb1b7cfdfa02e78d8b8862dc9e06f68cd001	d4e6d0e7d8ae1920d1fd00b6d068e255e5493836	false	retrieved
libjxl	lib/jxl/blending.cc	18824	578a79fa62399a3ac83e233a2d179764df49d7cfeb847c0d6289fdf0bec6acfb	5125ccfd78adda4af88b3283cd91f78b98d0986b	false	retrieved
libjxl	lib/jxl/chroma_from_luma.cc	617	d4ed27ac984ee9e4055f83c635994185f3d88de1523de3cbad2230acd6a08a5c	63d21cbb4b5b175770e8ab66c615431979be8ae4	false	retrieved
libjxl	lib/jxl/coeff_order.cc	5005	d7441b49276f593f1d4f199153bb489b9982778f41f5d66f86950aa89e3f584f	e87728339de6947c3a68b7038b13321b381b7886	false	retrieved
libjxl	lib/jxl/color_encoding_internal.cc	22391	b13ab0c61cf5718f875551edc76f74fc3f99265fd1a9825385cf10f39c9c240a	af3d3330e5150dfbb9477be07b409dc4de6246fe	false	retrieved
libjxl	lib/jxl/color_management.cc	18155	97e99efbbe9180abc02c4bdba3a461bb2fd76039209076e0c36cfa4759c4e688	7929d1f61d58e817687d6034a062fd130d63a6a4	false	retrieved
libjxl	lib/jxl/compressed_dc.cc	11067	f215475142ccc8a925f1c3d1c7a6fd457f2533ce6b6319767d7329e3f9ab0071	bac580acaaf059ae351d6cfe7627c1973196b721	false	retrieved
libjxl	lib/jxl/convolve.cc	50170	84d2b6d25e8f56f5909dbe71810aad335e163819240d50d0ec76113976ff841f	cc7fc3f90e9719ff660b7d9d6aab2f036449d333	false	retrieved
libjxl	lib/jxl/dct_scales.cc	1280	47975fc6b09e9f810866066f6ce0259c214aa3f7cfaede36bf0ae795e2a05701	f9e89a6014b7087e8aa9573f576e559efe5b5af4	false	retrieved
libjxl	lib/jxl/dec_ans.cc	14068	29d9b381a18211ba097d44971ed7fba6a77b209a0d0f2a9bee05ea53f145d1f9	06709d7404172a635fb701beb0b3d771981ceb16	false	retrieved
libjxl	lib/jxl/dec_cache.cc	7834	325ed07687404c65642628a386c9cddc069043c714ff8adfeadbc6c7a978d765	0bd2a0ac39cf07bc778a723d45bbf5acc2cb592d	false	retrieved
libjxl	lib/jxl/dec_context_map.cc	3053	e1ddae552c5a8337c4088d2b1957e324a0a6b8aad0ac044ba380de64e8a3696d	f7fc3d27a4302bc3561437a50baa470d1ef37690	false	retrieved
libjxl	lib/jxl/dec_external_image.cc	19501	89b12f30ef9f31b6b8700ce87766f45d79eb040abde52cdd8c2d9af2a9adfa12	a36bf57d2d7a70533788bd19562043284be68ce6	false	retrieved
libjxl	lib/jxl/dec_frame.cc	40523	11b52d09c24e5e0cedcc34a52702a86f54acd3f6363147ee0671087aa1c12c34	505b1b079974e9ffd5c54355e644f8a77e3099ec	false	retrieved
libjxl	lib/jxl/dec_group.cc	31091	1de250a309f0a8146cf160588659604838237e4df70548d710ce582f50219356	0f518910ccb4278b39cbceb9939ea801ae3e9607	false	retrieved
libjxl	lib/jxl/dec_group_border.cc	8285	60ef32a6fda662b24e9888c3880532423b3355abd7cd7639d09f74a9bbb63409	2e08578730dd7803c8264c08c69806631d3d800c	false	retrieved
libjxl	lib/jxl/dec_huffman.cc	7471	625a792d738176a6bf123c4930fbaec8e0f242cdc5ba3a9f44a48bff67a9b01f	05b275773afb2eb4a93b161ec98b4a5a859d22dd	false	retrieved
libjxl	lib/jxl/dec_modular.cc	26847	9240dc96e4fba964945315610aa23e7d6dd891e240dc1e3e4b7d064f19aa4aec	f8b4c0a921512c0d3a93a91414a431219766019e	false	retrieved
libjxl	lib/jxl/dec_noise.cc	10728	8d61fc686aca9daba8c82e31cdc80cfc826f7a336ba7b52d1404756aa7de66af	240b8aff215154e98ad760f47d677c86df2cecf1	false	retrieved
libjxl	lib/jxl/dec_patch_dictionary.cc	9018	ee7a36275881840766d3ffc1c2f42c8caee4d45ad1397273bff1166efeaf36f5	7e0af7dfc52afa56c91c07dbfb85ca4a3b2fda63	false	retrieved
libjxl	lib/jxl/dec_reconstruct.cc	53484	682b878705a9783383a7ba11c0762acc5d505e6288766c39f5d2c2730782d8a3	a1baef42ae930c94cc9b1260338e3d04d0a41543	false	retrieved
libjxl	lib/jxl/dec_upsample.cc	14785	a174f4e3238d74ae52e67a7f936800ba29fd4a9b9ffd61ce85b666fbd40fac24	7277e4f112bd2ebe51d3a71c2c05e45feeff1c79	false	retrieved
libjxl	lib/jxl/dec_xyb.cc	11257	bb5ae45f1d9347f4f358a24982d35646c595cf0f3d4fd65c893426287215edcd	26e10037e6b99aec768612dccd42058223dfe121	false	retrieved
libjxl	lib/jxl/decode.cc	89063	0c4febd8d0caa3eca10213e5747b720ea8bda55f61778c3bf63610457813a5a2	ef8adf07745e44dc536ec94842e34d896d7e4bd6	false	retrieved
libjxl	lib/jxl/decode_to_jpeg.cc	2750	6993816058c29ce41590c8b4cba2a06f72010aedd09ffeb1324067f1cafcddec	4bab82abb36b7dc8718a23fd478f1ed71058ae61	false	retrieved
libjxl	lib/jxl/enc_bit_writer.cc	9406	802189b53126e68ea035defa239e17ae458bfd4b83c708b52599584825fbdcd9	bc686f8cb604a704907bb53f9fe6a7d79672c4e1	false	retrieved
libjxl	lib/jxl/entropy_coder.cc	2060	dd0fcd8b9450bdbb5dc7c6f3e83b9376137bb9c7c157df07bb8e661676936031	0043c2d31e57f67489df9ff3f838ce295a042ea0	false	retrieved
libjxl	lib/jxl/epf.cc	25844	1508d14f7be579c64ad4cb654a2c5af3b74a6f0fe984a6537812a66c58d696cc	b40a9a2a03460bfc3907f3e42b734a3ca4db3591	false	retrieved
libjxl	lib/jxl/fields.cc	31767	1d14c83990d626ed79ada43c656b1be5be032e2e627a1500fad48cc91e988c6d	7f00c4461017d8d695b38ff687499bc6b9f3747b	false	retrieved
libjxl	lib/jxl/filters.cc	3914	d58ce7dce182938606a63426e7be394b0b345321f6949b8a6e44ccdf7f906b39	9cb62c1e94bf9e8a4205dc0ac4b0a054c087f29c	false	retrieved
libjxl	lib/jxl/frame_header.cc	15178	4e965696bcbc18f978a9d71a81b5d275a7c7582cc87db14d6f8d82ffd8d5abbc	55e98589692dca20cda98f66af9e4cace5ae06f3	false	retrieved
libjxl	lib/jxl/gauss_blur.cc	22575	8ee5ca9412baa02eb4bb1218090dd98f84b8307d14a7e9a8e3e989b901ca9c31	f9babe701f29e25f607e7d6e2d5db5047b3da614	false	retrieved
libjxl	lib/jxl/headers.cc	7299	a848977b8a88458c6987d62dd3be3ea123d8e12c281d3a7fae1135417b45f892	cc3077af04f48910a0760eaabe92863d5ce09aa7	false	retrieved
libjxl	lib/jxl/huffman_table.cc	5302	3d284881132f53fb12951b2f08d6fa2cf3f74757594cefefd506b9112974d03f	9ae7865af62c515eee5db6e21fdf35b9f4859c07	false	retrieved
libjxl	lib/jxl/icc_codec.cc	15104	54df93b624ed9cf052d694e5a520526d2b79c3f748e361eb261f9658b224fb59	619c81451ecd39a4b097229a09f2b9d10b329ac1	false	retrieved
libjxl	lib/jxl/icc_codec_common.cc	5705	cef00dc47ff1af76303a59198249ae935abd1b42e5dc458fac8b8981976645f7	3e60048490cb79b8afeb3ae68eabd519240f5cf0	false	retrieved
libjxl	lib/jxl/image.cc	10989	697528adbb3e3d38d328824bc58a48743874631a427e3b346d737ee2890eb0e4	0d63d797e1d43faa7689f73d76c42ac334415677	false	retrieved
libjxl	lib/jxl/image_bundle.cc	5346	799722e359f87584e944e6db8f7bddfaf54143608b7e357eea6caeafb055bf78	02219032196265ce28332999768807cd2f044884	false	retrieved
libjxl	lib/jxl/image_metadata.cc	18328	8f10154a3ed2782afd23f68c0a16dff04776f5c5895c4ff7c0b2a6d3d8d189f0	2d9d62e2686fa00e06efd69266e3c5de972aa542	false	retrieved
libjxl	lib/jxl/jpeg/dec_jpeg_data.cc	5064	b3b9e8d4fa9b83f715b87eff723e62eaad9828f819375c87297f14fc5fee219e	f57f697139c2476979add5128ec310cf00482f6d	false	retrieved
libjxl	lib/jxl/jpeg/dec_jpeg_data_writer.cc	31170	d420db3cfd73f48412cced3b92d79684d996ea8a1e0c033bd1e5adaf91b046db	c321344ebfdf7ce05fb10be8d769ca41267a03f1	false	retrieved
libjxl	lib/jxl/jpeg/jpeg_data.cc	17216	f84a503a91784a4d84289b54a13c3ff1e8f98e06520c92a8c5000038b9a679c9	42e5a4921c9bdf9d0a721102b91edfc8292ba335	false	retrieved
libjxl	lib/jxl/loop_filter.cc	3404	31de8a3782902dc8ea215540d9cc6a689ec8996e0b352ff481bb7166cdf384c2	afa36a44e63d063a5a4ab2b395ef35f0f81ba56a	false	retrieved
libjxl	lib/jxl/luminance.cc	910	f21e1aa56245b30e165185522270eff97ee6b7c69a234b4af73aa341dbf0d6fb	9eba4d4011c42111c824ff440bfde7013b541575	false	retrieved
libjxl	lib/jxl/memory_manager_internal.cc	445	1ad37f1da2ba6972290790baf8b0dd3946e49596608754a23b594f673d578380	87727e75cd35498805f5c548fd012a07f10ff749	false	retrieved
libjxl	lib/jxl/modular/encoding/dec_ma.cc	4107	3436435ab984a3b78ef50953794a05c6e4df4bf8e73b20b1706d53f346ac7dd3	e12eb51890838cb0a35209670b2ea4c9f714dda8	false	retrieved
libjxl	lib/jxl/modular/encoding/encoding.cc	21333	e7c80a30b8142d78164d4594794efbd62159a79a56ee0903fa12c2ef7acb7723	db42bd86dc5423e60ebca2ea3a01019981ce6ce3	false	retrieved
libjxl	lib/jxl/modular/modular_image.cc	1991	786bcfae2103746b8e93841586d8757cc41c5a8798f96067e938451bd9105bf9	6c26b96c0d0784dc9566840c2337b8345e23d314	false	retrieved
libjxl	lib/jxl/modular/transform/squeeze.cc	11776	9b3ecb3416f359f7c4a658146a31895f85cf471e644ccde808aaa84f780b72e0	3edbfc9cd1bace10ddcedae77262f46e962b7d1c	false	retrieved
libjxl	lib/jxl/modular/transform/transform.cc	3472	76857e00ef39abf9dacb6a18f76321701711bdafe5451b4fffe5131191db0a07	55960f931f040add4ebde78edb5c684fc57a5874	false	retrieved
libjxl	lib/jxl/opsin_params.cc	1356	56eb3b17daf7bda1aa47aa2a7a04206bfc111c4531e83c4f7eed17ecf160d194	f80a18af8c3e1ad0c041bb12f14b7c09ba1cf4ef	false	retrieved
libjxl	lib/jxl/passes_state.cc	2518	b498e190dd77c543c47c5de55f9ef20b17c0cf0a2b6e6b484d6050c1f9ff62b2	a0cc1983fe04378871e7bf2d2b7ec9140a9f6703	false	retrieved
libjxl	lib/jxl/quant_weights.cc	50109	bf73c071c8ced00a473992b70a21677ec71459959ee9efa559df6afcdc4b8a7b	316fd94fb28c727c3d5424bafc6a075c134a7943	false	retrieved
libjxl	lib/jxl/quantizer.cc	5361	7657bbcc582316eb2007f91f6878c70eae7c27004fa7b1f7ace3957f047367ef	2a7480f17507efc2943f2014c9c8b9c2f971d682	false	retrieved
libjxl	lib/jxl/splines.cc	21387	8e061d6d153d8f78f10ee677452537592c0d25cf78ee3e6f7c799bce513e6ab1	8653445ef650425c8b30bd84b1c3b78fa3a5166a	false	retrieved
libjxl	lib/jxl/toc.cc	3435	a36c648b85fbc4e3341a6617f7d66059f5ae359afdad2737289427d9c6781068	3a2193e42df2b6be01e01dc4de3f78440b82b317	false	retrieved
libpng	arm/arm_init.c	5009	7be7d3861d45a81285c6af455466d652355d481f17c8e00146578738c0896768	0ea9c836ccc2e6b99d4f09a0f25db170c6fad4e2	false	retrieved
libpng	arm/filter_neon_intrinsics.c	11843	4c32620a9ff40036a1671bdbb5a3ebd2e4780d95988af2cb7295af97859c6930	6c3f1184a8e34fff99591991f101b6ef1782f818	false	retrieved
libpng	arm/palette_neon_intrinsics.c	4665	a844760f611829df29ca583f1b08832cac1440c74a2a22b35bc35a464ddf6b5e	0967ea1aebd718907fda1e767957deeddbe676b3	false	retrieved
libpng	intel/filter_sse2_intrinsics.c	11322	0b41c355dc139991ebe9bb8a6979497e89228ac2576897270e306136b8f90091	0f3c97a52c9a87d91b925904a5173000db062c44	false	retrieved
libpng	intel/intel_init.c	1792	4474dd4e7afdeaee470746d24af4c57134c31a7e3f511ed58df0c6717657e44e	9e4610d25b44af6b3119db6ea314aae7cf47934e	false	retrieved
libpng	loongarch/filter_lsx_intrinsics.c	11220	c114d1d5159750a1910522a30bc01381baa45214418bef3199fd3a2f7e560a75	8dc5319d56b64eed6260a7c51113d8032c88d507	false	retrieved
libpng	loongarch/loongarch_lsx_init.c	2005	86c468e73d0efcb3be44e07e92a3c43cac3385ca597a3578b3e0ae4e9c6436ea	7dde245519906ca1bcdb536b920b6ae6a717437c	false	retrieved
libpng	png.c	135428	29a37cedb5be5597aafa3cab62a223c0accbd6016edfff97386471a6e118100c	fda0a8e6ae06b42c672d9e5ae476a4259a29e357	false	retrieved
libpng	pngerror.c	26366	6e8f475172d8c1e34982f4fa4130042110d5591dccdf95723345c2a7e5c7f761	72dc20ea874d232d373021b7d4af06de311b47f4	false	retrieved
libpng	pngget.c	37561	3098a692f096c58b9c0f039fbfd38c29b0a86c464a498a9c775c22698a2bec95	9c7e8a12df6ad31b58c833000b61a655e2108b9d	false	retrieved
libpng	pngmem.c	8574	2dcf91e5f7d4aaa11c53cdac246223f405e5cc3e1c7ccccb7a40650c41465b56	b7adff82f520716008f9c185df02497d027089e9	false	retrieved
libpng	pngpread.c	28098	230e4e01a9748922a33a936d1c4a2f599d61fc6425b49270197949fd3f38443e	37aa432aeca91b2bf89ef39e4750a336b178421c	false	retrieved
libpng	pngread.c	143404	2a2c02673c7dcd6853f3efe8cc16c893df3f7bdffe7b53abde835e7c6e4c6fc3	24199689a76b2cac8e75ca8bb37fd67e62d9f53b	false	retrieved
libpng	pngrio.c	3898	3c710643f274fd2b4aa2bc154c9dc53a512edae773dda1434f205fb005f2e93e	b4a216161be0abee2d61739143a346de52085021	false	retrieved
libpng	pngrtran.c	172600	6b724ff0047cced71884176296aac10a6fc1d2592477034bbd622222ded3373f	978dac588801a111ebd9917a74179e081ea39290	false	retrieved
libpng	pngrutil.c	152278	748f956c603df9bafeaf82ad23f5d9ce57e2d7b0be21a68868eba46615cf8ddc	3a35fe9de2d9e09a15e1ea32a45d558f09f05952	false	retrieved
libpng	pngset.c	58711	d3a203e40b6a6000a7cb78a61e0fd9664b0c39a65d82260efedb0f0184a8bc19	b9ccb7fb156d134265133541209be1ab12034366	false	retrieved
libpng	pngtrans.c	26220	38aa34b51567a06428b15be16c5819e6f2ae0d3bfce4e1f777ae6242f74eb6d4	32a5fd3c0f4b094389c8d6e374430da39165de47	false	retrieved
libpng	pngwio.c	5588	a25def3351807ed3f2e12a02a7801d4208f0033516185f4ad524d804d2f00ce3	96a3187ff0139172f7274e2db630f4f47314fce6	false	retrieved
libpng	pngwrite.c	78819	85533196464e11d7ee4602fc19c887bd3923636cff7c44c8c0dab97624a17797	2c95eb66ca74963dc84b377f0728f2e28605079d	false	retrieved
libpng	pngwtran.c	15336	6355098f20b9058ab607cebd01f3130c61ac858dceb339c3a7d83407c1067b94	a20847023fbe15431a36421d08907fc7939c1089	false	retrieved
libpng	pngwutil.c	80258	a6e725ce8439edadea1e1f5092c4bcbf101d0a63cff0906271af6aceef89dfd3	e16c387c209f889bc4889d8e20858e79b05f9772	false	retrieved
libwebp	sharpyuv/sharpyuv.c	21762	e126415d708ca458cabff5ca40555de70a4ad836134fcd8d9c408f118882c3e7	7cbf668fbbb5a307ac75c6035bd57404a8742841	false	retrieved
libwebp	sharpyuv/sharpyuv_cpu.c	652	f44305504625edb5fe21a228fad4c1cb6e8b37efe4b2c3fba3a4685571def550	29425a0c491884d7318f0cf17e6bd39ba30a2747	false	retrieved
libwebp	sharpyuv/sharpyuv_csp.c	3841	bd6c57615c308177e4b9756328eed82dcfb51b047f080414b33890a597134959	0ad22be9458c3767a96de8ba61f8ec25039c3fe7	false	retrieved
libwebp	sharpyuv/sharpyuv_dsp.c				false	HTTP Error 429: Too Many Requests
libwebp	sharpyuv/sharpyuv_gamma.c	13590	bd0f604a1e8dc8f9bff78d6ced03fd13bf8ef224020168a6c2f5acd8300049b5	09028428acedcf39ccddfdb360f40d14dc5250ab	false	retrieved
libwebp	sharpyuv/sharpyuv_neon.c	7333	5964efc4077e22e58b0a1af1feaa5e328f481faf876ec87cf30253557bf490bf	5840914865e06b8e47d17322d4048e28a5141f6e	false	retrieved
libwebp	sharpyuv/sharpyuv_sse2.c	8710	a39777d4197a628dcf9b5f32f88b92f957d091c49fad805cc77614dd344cc11a	9744d1bb6cfeca6f1b7eb45c0daf68f0b5fc90d6	false	retrieved
libwebp	src/dec/alpha_dec.c				false	HTTP Error 429: Too Many Requests
libwebp	src/dec/buffer_dec.c	10704	f2a4741156773195c275dade623cbf34b520b5acb7e9297373ded4ae4070ea8b	11ce76f19e2b4b4ebbea778dab0012436c56ab21	false	retrieved
libwebp	src/dec/frame_dec.c				false	HTTP Error 429: Too Many Requests
libwebp	src/dec/idec_dec.c	31763	9f2be1f638251e4b10bc85484d3bfa97c21214b4f2dc972b18164f0530839976	ad042a1ffcbea1cbc3600472bc43ae5ec1f1c306	false	retrieved
libwebp	src/dec/io_dec.c	23945	8e876062c177aac6625fbb9eafed5de267ac644a0868e51242120d010617fec7	5ef6298886eb978f3655e59fec4fe00bce313b71	false	retrieved
libwebp	src/dec/quant_dec.c	4061	5f21409c8f46d91474ed56ff671fab0a5ac60457f8abc8188f4025992dad80f5	a0ac018b0f5448d29df8d25091f7dc7d4888323c	false	retrieved
libwebp	src/dec/tree_dec.c	23519	ce07ffb41f06501b703df88e2a3775c70a52dd168f82621392c02eba01c1d27f	2434605953295187dc1191201d5b39e073025fc2	false	retrieved
libwebp	src/dec/vp8_dec.c	22621	a25524ef85be388cc9b2d182147b9bd4c40c685a31fc712b841b127b05865aaa	2ee89006059901fe182f0dc20670f0132cc9daf8	false	retrieved
libwebp	src/dec/vp8l_dec.c	62363	505f81a7d3a215b420bf6fe826c1b6f4b3cdbb4617d8e4f75df7365ea2dfbdd7	11c00ea964a9e0e1b830584b8114a8eac3855638	false	retrieved
libwebp	src/dec/webp_dec.c	31136	b24efd3cb1eaf941d91005ece699401609feae0a02621059afcd8d23b1c62520	49ef205c8b60f089e774db628e5ed19e45d14b3a	false	retrieved
libwebp	src/demux/anim_decode.c				false	HTTP Error 429: Too Many Requests
libwebp	src/demux/demux.c	32131	1c09486ab0cacec1ba3c6609ec62e0db50d4bbc2d2c2df6ce58c6e0bf0063e5a	d01c6a7464567f1c2e21244adc5e9cf8b0d570a9	false	retrieved
libwebp	src/dsp/alpha_processing.c	19458	775d21b679db69eb6f1eb3dcc46e72fe6c2cc10d12410ede5fb527d848e7f4f6	1d152f24dada3919f39376575dee951316df6dc5	false	retrieved
libwebp	src/dsp/alpha_processing_mips_dsp_r2.c	10249	81427f700a767f49ee55c8c7846c03abe8b84a95b051ca16027cae573caf9927	0090e87cd1f603c381dd771732a51df71f3aa913	false	retrieved
libwebp	src/dsp/alpha_processing_neon.c	7261	0fd418b9d3394639fc5780ebb2ac04868fd838d6e2d8ec1b30616620e10329ae	6716fb77f0d875c4e477292929ac0e796df1ec68	false	retrieved
libwebp	src/dsp/alpha_processing_sse2.c				false	HTTP Error 429: Too Many Requests
libwebp	src/dsp/alpha_processing_sse41.c	3745	9ab4fa10a973a8c5af47f7889b21af45a77983a813d06fcb75f975c99405fda2	1156ac3417b2656d7fbcc6fb6917deb3eba851ef	false	retrieved
libwebp	src/dsp/cost.c	18288	25ae198d86a85a484c33988d9a9c610a4b92120fdb46c6487dcf5a5e01a44e68	73d2140177cb1198c92a655a5293f3f4de4d627f	false	retrieved
libwebp	src/dsp/cost_mips32.c	7165	2e4e2b0230f85525c3f67185abee3cfe305e01f04c8c3dd8c93d4783dd8332ce	0500f88c13233bdb705da20129e2a6915a640144	false	retrieved
libwebp	src/dsp/cost_mips_dsp_r2.c	4824	e215378ba9cc2d569a3f6557bb4f274697b3038d3847ae105d19e4a0f3d0c1de	51248de7a135fef56fef464aca044b966fe521b5	false	retrieved
libwebp	src/dsp/cost_neon.c	4304	ac4025d493cf04ae8a895b5ff158ad14f3fc75ffa230c0c87f4e6c8346e3390b	6582669cb3f961135001d1136a94e695469f25c8	false	retrieved
libwebp	src/dsp/cost_sse2.c	4469	f56abd3836d14bcd45ea15ad7a464891fab960c2fbee76f02e374cec489cd861	487a079921cbd57af1929435e525daa0be57aff7	false	retrieved
libwebp	src/dsp/cpu.c	7603	1fce31a64ee0e0e37fba01840067c9a8af7152effd0addbee76016681e02d38e	8ba8f683357b0afd430b8246713b9d7175aca358	false	retrieved
libwebp	src/dsp/dec.c	27510	bee973f60899f12bf2aff67ce63a2c84ea30e4751d2ad87ea118deeb0e050dac	451d649d58e4238320b890cb3d26b0a886613d27	false	retrieved
libwebp	src/dsp/dec_clip_tables.c				false	HTTP Error 429: Too Many Requests
libwebp	src/dsp/dec_mips32.c	26707	ac5d8f78d43d55b9e83a11d771172077df4cd057cf51037c9df3c65b51fc0a7b	f0e7de4ac4fc2bacc72036a7a4b72674c1ff5452	false	retrieved
libwebp	src/dsp/dec_mips_dsp_r2.c				false	HTTP Error 429: Too Many Requests
libwebp	src/dsp/dec_msa.c				false	HTTP Error 429: Too Many Requests
libwebp	src/dsp/dec_neon.c				false	HTTP Error 429: Too Many Requests
libwebp	src/dsp/dec_sse2.c	47618	f48ff2b29fae0309fb5ada7334864cff56a9a4bbf3e1687073300a6ddebe8bed	ff3a28555b4522ae801097afae3c40760d52f20f	false	retrieved
libwebp	src/dsp/dec_sse41.c	1344	0f81da319a620dac4c8297b4f50a5e7fabf888e7c52303262b83650ed70e9f19	08a36302722677e894806ce26e556af5a0f6edd1	false	retrieved
libwebp	src/dsp/enc.c	24729	0bc099762381c0b493ddb0445b10601a5e82e51cc7c19c3c7eca54e79c9139d5	395ad05b0bcb0e8772ae5383d2c3d7423df6b0ac	false	retrieved
libwebp	src/dsp/enc_mips32.c	35018	ac7bf3bd7b865356db9824251d83e0eecb4f65f71e1006fa3d4fde1e76d53473	50518a5f1aed3d0458a67015da812cdb1d4f5413	false	retrieved
libwebp	src/dsp/enc_mips_dsp_r2.c	82191	445d9cbf7e210b8531584675b0dec7a686a0de829d38ed47d3db1d77b9431738	e1431f3bef2cd819a08b40e240cc6f3d2b379c77	false	retrieved
libwebp	src/dsp/enc_msa.c	32625	df03bd778c6497e43ac7eeaa645f17271eca36c89c38c5ac3f87811de42c3bab	6f85add4bbd96372b69db24bd7197d86405cfd76	false	retrieved
libwebp	src/dsp/enc_neon.c	37290	82fafdc3bbe26c8423a01a64ba0429d18d1daf00879bc2019d4b08a9989bebd3	6f641c9a76183312b9a0426ee7b8fc89084ce327	false	retrieved
libwebp	src/dsp/enc_sse2.c	59508	f8007e3ae76cfe0f7216177bd64ce57163be47489d49052d21ba6f815ff98415	010624a2f7124bae5275afe6c9df824f58057fc3	false	retrieved
libwebp	src/dsp/enc_sse41.c	13162	73ebfe549d85c6ae2255f7aa301fa00086cd84d783dc8656cecdbdd425d7de9a	924035a64457758a73abbab5b3a60c783cb8893b	false	retrieved
libwebp	src/dsp/filters.c				false	HTTP Error 429: Too Many Requests
libwebp	src/dsp/filters_mips_dsp_r2.c	21427	473b45adc170356ab3da3eb6a27a3f9e392823c50ba15cb039e9723b8fb3d246	eca866f57894b2dda3b17cbabb8b34bf75c76d24	false	retrieved
libwebp	src/dsp/filters_msa.c	5828	fed065051bed4d9de24071b79c91a600f769d687f52bf0d681b91c53845220b9	33a1b20b70d65415568d01ffecce6cc79b152db2	false	retrieved
libwebp	src/dsp/filters_neon.c				false	HTTP Error 429: Too Many Requests
libwebp	src/dsp/filters_sse2.c	13109	f947c676f01969ef19317b74c121cd23fdfe0fb012035d4b736ecc9250b5d830	bb4b5d587483572c7473e04a892bd5530a2815bd	false	retrieved
libwebp	src/dsp/lossless.c	25652	937cd76b4297f13538f4cc82923495cff0d799a83c7ceb01ea4b45f14461b650	9f81209453976465cb670d7516f16f23088738a6	false	retrieved
libwebp	src/dsp/lossless_enc.c	39325	451f1a53559d8ec19ccf0bf353c2c314627b1f8a85bfd94b7a4333c7f37b2609	997d56c2ad303844181cd032b4de4c5cf19a7ebd	false	retrieved
libwebp	src/dsp/lossless_enc_mips32.c				false	HTTP Error 429: Too Many Requests
libwebp	src/dsp/lossless_enc_mips_dsp_r2.c	14071	c72ae00b1cb5cc92ac3435c3ebcb7988106f746fd1ab48b63aaee2eaede48061	5855e6ae1562efa0bb58fe0eb08e1f458f1b9583	false	retrieved
libwebp	src/dsp/lossless_enc_msa.c	5730	b5eed4d0cf609aa17ab296b5867b6ff5ee21343fe139e0080f66d28f70aee035	600dddfb5925d72639784a276ff2f273e655fde9	false	retrieved
libwebp	src/dsp/lossless_enc_neon.c	5188	967137190d807bb26751598b5ea35c0814c33bf1d6cbe3672056bd2dc747219b	e32c7961a239df8e9e54b9936583cd06044ba7d0	false	retrieved
libwebp	src/dsp/lossless_enc_sse2.c	29190	4a71c3550914b53c4da5f5a187abf0b0a708520c3bd71b3366f9166ecc0a2283	66cbaab7720a9ad71d633ee96f6cc3e2af475c3a	false	retrieved
libwebp	src/dsp/lossless_enc_sse41.c	7787	e519887069cdcdf1a2cd37abcc48f18b0950d8aeb1ba9399bc5571ff6a1c9ebf	7ab83c2604b4c3f47babc66fd24a33ef0f10d6eb	false	retrieved
libwebp	src/dsp/lossless_mips_dsp_r2.c	39184	4e121e4c0c09951a9ebcf8b6abd2b8c3e8a0cceb9ae78adde5a77972ccea20c8	bfe5ea6b3865c6debbd45d13f1f58de482af7237	false	retrieved
libwebp	src/dsp/lossless_msa.c	13034	10b309448e56270e1bbfb286110891a7b00d730e309e82b5863269675721420d	9f5472078d9ebda48e749ee8e11b7a8e3e3bafa6	false	retrieved
libwebp	src/dsp/lossless_neon.c	26366	3adef82754daf893db3d2117eb0a203fda520cae957ae8617a61dac0c41d9b2f	e9960db38a79547db530f20994a67eb6bae8d50d	false	retrieved
libwebp	src/dsp/lossless_sse2.c	31008	f78d762d160d97e9af76fac5c8af1ea15deb49251063ec29c0b64a014c4e38c3	4b6a532c239ccfd13da2c1325e362506653f5dac	false	retrieved
libwebp	src/dsp/lossless_sse41.c	5327	ca366ffd8444c1e6c00de46949256be94ea77436b3ae75907080c5ea8daeaa3a	bb7ce7611fa9c10f7ec32003b5efda7d8ed3c6f8	false	retrieved
libwebp	src/dsp/rescaler.c	8120	f359b25b3b892a71e6d92ebb558860f02dbe6271fc172f12f4bd15f2e423169b	325d8be1808b0ed43b0659a9fef2d659f8e56433	false	retrieved
libwebp	src/dsp/rescaler_mips32.c	13418	4ef245be665fac3f6a4c095e5502af992bbffc30951750abac742ab655c7b5eb	61f63c616cf1c8d77f1c5f7059abb442142321dd	false	retrieved
libwebp	src/dsp/rescaler_mips_dsp_r2.c				false	HTTP Error 429: Too Many Requests
libwebp	src/dsp/rescaler_msa.c	17363	4daa8efed7b819c40e8fdbb51f2d3ddde95d7871caa326b1a748234a9fb24f82	256dbdd437573238d9aaa7b24d4a5a76ff325230	false	retrieved
libwebp	src/dsp/rescaler_neon.c				false	HTTP Error 429: Too Many Requests
libwebp	src/dsp/rescaler_sse2.c				false	HTTP Error 429: Too Many Requests
libwebp	src/dsp/ssim.c				false	HTTP Error 429: Too Many Requests
libwebp	src/dsp/ssim_sse2.c				false	HTTP Error 429: Too Many Requests
libwebp	src/dsp/upsampling.c				false	HTTP Error 429: Too Many Requests
libwebp	src/dsp/upsampling_mips_dsp_r2.c				false	HTTP Error 429: Too Many Requests
libwebp	src/dsp/upsampling_msa.c	28540	b08f98b70f14344474407c9aa6fe8022239d718519921ac993b5a76843a82a9f	f2e03e85e9dd574c346eb4bb9718cd60c684f68e	false	retrieved
libwebp	src/dsp/upsampling_neon.c				false	HTTP Error 429: Too Many Requests
libwebp	src/dsp/upsampling_sse2.c	14872	e2280259648905d55e94ea10f883fb4e1678357b954d79db8198a3a513294e50	77b4f7221ebd27a677e75a27da689f647169ac1c	false	retrieved
libwebp	src/dsp/upsampling_sse41.c	13073	a1be074a7adc62d7b8ad2c73257cc146dc4e2edd94185004468f0b4cd88b3900	e38c88d5e670f854e0158b8e0bfc4f8c4a51bf39	false	retrieved
libwebp	src/dsp/yuv.c				false	HTTP Error 429: Too Many Requests
libwebp	src/dsp/yuv_mips32.c	5918	cf0da4d29702e4d8c07a0516034d2b9be7274d7180f8acb7c64689af3c83982e	9d0a887824b0b97e193927d4db1fc0f82ae1fb8c	false	retrieved
libwebp	src/dsp/yuv_mips_dsp_r2.c				false	HTTP Error 429: Too Many Requests
libwebp	src/dsp/yuv_neon.c	7004	67a102cd1ed7e776702a277824cc471b0607bd634772d3358fcac73791077114	ff77b009801d3a086fd2bd5aadc4cda98f7e6535	false	retrieved
libwebp	src/dsp/yuv_sse2.c	28714	fbc1e90d7670ff9eb1ab8b5c9460843e629b6065a2b8425b0d681b0c5f782709	01a48f9af2c69c268f0c6783a0ca19bd83da2dbc	false	retrieved
libwebp	src/dsp/yuv_sse41.c	23723	5c996129802805f10f651a3e18a70fabcf32671f76869469ecf7f99674310d98	f79b802e4712a224ca5342ad63c569db32c16d65	false	retrieved
libwebp	src/enc/alpha_enc.c				false	HTTP Error 429: Too Many Requests
libwebp	src/enc/analysis_enc.c				false	HTTP Error 429: Too Many Requests
libwebp	src/enc/backward_references_cost_enc.c				false	HTTP Error 429: Too Many Requests
libwebp	src/enc/backward_references_enc.c	38937	6962d02397a489882b0fd28123fef4020cb9a6a4c2615b51afe694efa1027fbf	dc98bf171943a051d6354768e8f4f9683a6aecec	false	retrieved
libwebp	src/enc/config_enc.c				false	HTTP Error 429: Too Many Requests
libwebp	src/enc/cost_enc.c	15239	74e4292f2bb70a4d9d7886e9466e311c2b56fe6d326fe613a3469f9e03f4871c	48fd9bc347590da34ea58ef667ae50976939e3ec	false	retrieved
libwebp	src/enc/filter_enc.c	8906	b42615fc34e7d879c4b67b2e70313a41114e6834bd4bb491710935f5e22b2eb9	580800bfb8729e65051f0ed0dca4c68500218d7a	false	retrieved
libwebp	src/enc/frame_enc.c				false	HTTP Error 429: Too Many Requests
libwebp	src/enc/histogram_enc.c	47530	f14c6481b01ac2a0b61fbb8b240df3be9e5d39ba2c10555c1bce5ccf43a0075f	3ca67b3ad09b4d652b02f19bc46f7db0eb49eaf8	false	retrieved
libwebp	src/enc/iterator_enc.c				false	HTTP Error 429: Too Many Requests
libwebp	src/enc/near_lossless_enc.c				false	HTTP Error 429: Too Many Requests
libwebp	src/enc/picture_csp_enc.c	31287	2a5f0c8619a44ef522c075613409ac553999dafaccc8115470963429b1d7b5ba	a9280e6c3050464cab59073a08bd10accba213c8	false	retrieved
libwebp	src/enc/picture_enc.c	9326	2c5a43de9e1eab4b582acd12c173cfdd1e4e0ddca2cb5f1324d9e8634be5c083	5a2703541f2d3505d737afb6ec986ed96a1a995f	false	retrieved
libwebp	src/enc/picture_psnr_enc.c	8564	2c84f5321c6f212f78b9dc7430db01f180a7782fc7fe69d31b67a6fb04248c7e	1a2f0bef3e42bde707a2e832e3d79c4d6c4f9d52	false	retrieved
libwebp	src/enc/picture_rescale_enc.c				false	HTTP Error 429: Too Many Requests
libwebp	src/enc/picture_tools_enc.c				false	HTTP Error 429: Too Many Requests
libwebp	src/enc/predictor_enc.c	32392	6fed8099596aff3ea9dcbc97c6814714484d4882112c24443d96017916ce655b	b3d44b59d506838bce0921fcbc282adad2cc115b	false	retrieved
libwebp	src/enc/quant_enc.c	50530	eeef39a3872240de2dcfd9c8d318e715d3785f2dd0ee630030cad6e9ac785dd5	6d8202d2771488825d61a541b67e528698ae236a	false	retrieved
libwebp	src/enc/syntax_enc.c	12687	f50e35c67bca5f4efdcda72c025c7d0daf3c0b7bf6741bc3af31c6584cb3e6f0	9b8f524d698168ea192e6500254b1ce1b8177b5a	false	retrieved
libwebp	src/enc/token_enc.c	8398	47b9d5fb4ccc630d1dae44e9184563c97279e7b83302fb1382f1bfa68a6b1db3	3a2192acac23df9c71219ec8a350c37247afbb13	false	retrieved
libwebp	src/enc/tree_enc.c	22006	9b8096601d7bd71c692b93a9b69facad7fa2e4486bd739593335be35b2696ff3	64ed28360b2952414be7a9a2666962862d980b30	false	retrieved
libwebp	src/enc/vp8l_enc.c				false	HTTP Error 429: Too Many Requests
libwebp	src/enc/webp_enc.c				false	HTTP Error 429: Too Many Requests
libwebp	src/mux/anim_encode.c				false	HTTP Error 429: Too Many Requests
libwebp	src/mux/muxedit.c	21974	3c2f4ecf05f695c62fca41fe5f7456568ab2c2ad1e2922a20f1aa7395514db44	48c6834a4dd6aa786847d828cfa4b4f3c4faa346	false	retrieved
libwebp	src/mux/muxinternal.c				false	HTTP Error 429: Too Many Requests
libwebp	src/mux/muxread.c				false	HTTP Error 429: Too Many Requests
libwebp	src/utils/bit_reader_utils.c	8997	4896cc7be6130c4da4d39d9ce5001bc4aaf24ffb4e9ae8191b90859b3e3f51fa	a26557aa49f9148f394c8fc73e4f18cd9e224c6e	false	retrieved
libwebp	src/utils/bit_writer_utils.c	11097	f6489d9ea22f6be9359daecf36eea1c73a0960b604a9be10df73b818c6a5b603	2f408508f1144331ee22c89432c9b8a3dc03d65c	false	retrieved
libwebp	src/utils/color_cache_utils.c				false	HTTP Error 429: Too Many Requests
libwebp	src/utils/filters_utils.c				false	HTTP Error 429: Too Many Requests
libwebp	src/utils/huffman_encode_utils.c	13521	ebccab02b62342022c2069e2b0343eb9330f870e304f84a464367d492f67998d	585db91951841660ec5ab69a3ad1a32d0286844d	false	retrieved
libwebp	src/utils/huffman_utils.c	10595	c44bbf48ad412ac58e2d2495c90e5afc2e3652a9a21daaa62a2e8146a54f5ce5	16f9faaa9a07790e62111854298a86138b5ca51c	false	retrieved
libwebp	src/utils/palette.c				false	HTTP Error 429: Too Many Requests
libwebp	src/utils/quant_levels_dec_utils.c	9140	1c7f2aaac6a66902501c3d76e1a7f27ed46bfc0be0476cd2b676c1bd7602478e	97e78937043edf143c6c9cdacb265d6135046677	false	retrieved
libwebp	src/utils/quant_levels_utils.c				false	HTTP Error 429: Too Many Requests
libwebp	src/utils/random_utils.c	1842	5fbe916accf377c4678c7058370f3dfa656eb1a802cf0872ebbd5d2a28f9cc19	7edb3fefbb85b7c274e455ed34db2135651a0748	false	retrieved
libwebp	src/utils/rescaler_utils.c				false	HTTP Error 429: Too Many Requests
libwebp	src/utils/thread_utils.c	11211	d8b7480cfe9c68b8ac980454e6a893a3175a348bd76e739f1f82833586a5c97e	4e470e17ac18d39070043512809cc6b41f934aef	false	retrieved
libwebp	src/utils/utils.c				false	HTTP Error 429: Too Many Requests
wuffs	release/c/wuffs-v0.3.c				false	HTTP Error 429: Too Many Requests
